-- phpMyAdmin SQL Dump
-- version 4.5.1
-- http://www.phpmyadmin.net
--
-- Host: 127.0.0.1
-- Generation Time: Feb 28, 2019 at 09:15 AM
-- Server version: 10.1.8-MariaDB
-- PHP Version: 5.6.14

SET SQL_MODE = "NO_AUTO_VALUE_ON_ZERO";
SET time_zone = "+00:00";


/*!40101 SET @OLD_CHARACTER_SET_CLIENT=@@CHARACTER_SET_CLIENT */;
/*!40101 SET @OLD_CHARACTER_SET_RESULTS=@@CHARACTER_SET_RESULTS */;
/*!40101 SET @OLD_COLLATION_CONNECTION=@@COLLATION_CONNECTION */;
/*!40101 SET NAMES utf8mb4 */;

--
-- Database: `jp_payroll`
--

-- --------------------------------------------------------

--
-- Table structure for table `branch`
--

CREATE TABLE `branch` (
  `branch_id` int(11) NOT NULL,
  `branch_name` varchar(20) NOT NULL,
  `date_created` timestamp NOT NULL DEFAULT CURRENT_TIMESTAMP ON UPDATE CURRENT_TIMESTAMP
) ENGINE=InnoDB DEFAULT CHARSET=latin1;

--
-- Dumping data for table `branch`
--

INSERT INTO `branch` (`branch_id`, `branch_name`, `date_created`) VALUES
(1, 'Main Office', '2018-08-22 04:48:28'),
(2, 'South Town', '2018-08-22 04:53:28'),
(20, 'JY Square', '2018-08-22 04:52:16'),
(21, 'Shalom', '2018-10-10 02:29:22'),
(22, 'One Central', '2018-10-10 02:30:04'),
(23, 'Gaisano Capital', '2018-10-10 02:30:29'),
(24, 'Davao%20City%20Branc', '2018-11-29 04:54:08'),
(25, 'Davao', '2018-11-29 04:54:56');

-- --------------------------------------------------------

--
-- Table structure for table `cutoff`
--

CREATE TABLE `cutoff` (
  `cutoff_id` int(11) NOT NULL,
  `from_` varchar(20) NOT NULL,
  `date_from` varchar(20) NOT NULL,
  `to_` varchar(20) NOT NULL,
  `date_to` int(20) NOT NULL,
  `year` varchar(20) NOT NULL,
  `date_created` timestamp NOT NULL DEFAULT CURRENT_TIMESTAMP ON UPDATE CURRENT_TIMESTAMP
) ENGINE=InnoDB DEFAULT CHARSET=latin1;

--
-- Dumping data for table `cutoff`
--

INSERT INTO `cutoff` (`cutoff_id`, `from_`, `date_from`, `to_`, `date_to`, `year`, `date_created`) VALUES
(13, 'July', '26', 'August', 10, '2018', '2018-08-22 04:55:17'),
(14, 'August', '11', 'August', 25, '2018', '2018-08-28 01:50:19'),
(15, 'August', '26', 'September', 10, '2018', '2018-09-11 08:44:02'),
(16, 'September', '11', 'September', 25, '2018', '2018-09-24 07:39:28'),
(17, 'September', '26', 'October', 10, '2018', '2018-10-10 06:15:12'),
(18, 'October', '11', 'October', 25, '2018', '2018-10-25 07:50:38'),
(20, 'October', '26', 'November', 10, '2018', '2018-11-14 07:45:11'),
(21, 'November', '11', 'November', 25, '2018', '2018-11-26 06:16:14'),
(22, 'November', '26', 'December', 10, '2018', '2018-12-11 02:30:42'),
(24, 'December', '1', 'December', 15, '2018', '2018-12-11 04:42:52'),
(25, 'December', '16', 'December', 31, '2018', '2018-12-27 05:00:17'),
(26, 'December', '11', 'December', 25, '2018', '2018-12-27 05:06:21'),
(27, 'December', '26', 'January', 10, '2019', '2019-01-10 10:59:03'),
(28, 'January', '11', 'January', 25, '2019', '2019-01-25 01:31:02'),
(29, 'January', '11', 'January', 31, '2019', '2019-02-01 06:24:13');

-- --------------------------------------------------------

--
-- Table structure for table `deduction`
--

CREATE TABLE `deduction` (
  `deduction_id` int(11) NOT NULL,
  `SSS_number` varchar(30) NOT NULL,
  `PHILHEALTH_number` varchar(30) NOT NULL,
  `PAGIBIG_number` varchar(30) NOT NULL,
  `SSS_amount` decimal(12,2) NOT NULL DEFAULT '0.00',
  `PHILHEALTH_amount` decimal(12,2) NOT NULL DEFAULT '0.00',
  `PAGIBIG_amount` decimal(12,2) NOT NULL DEFAULT '0.00',
  `TAX` decimal(12,2) NOT NULL DEFAULT '0.00',
  `TIN_number` varchar(30) NOT NULL,
  `Employee_id` int(11) NOT NULL
) ENGINE=InnoDB DEFAULT CHARSET=latin1;

--
-- Dumping data for table `deduction`
--

INSERT INTO `deduction` (`deduction_id`, `SSS_number`, `PHILHEALTH_number`, `PAGIBIG_number`, `SSS_amount`, `PHILHEALTH_amount`, `PAGIBIG_amount`, `TAX`, `TIN_number`, `Employee_id`) VALUES
(26, '06-1983438-2', '12-050305637-8', '1210-3002-0095', '581.30', '412.50', '800.00', '3321.00', '234-417-698-000', 42),
(27, '06-3977246-6', '12-051550196-2', '1211-9779-7501', '545.00', '206.25', '300.00', '1051.25', '700-246-103-000', 43),
(28, '06-4131039-5', '12-051550196-2', '1212-2772-3098', '399.70', '151.25', '200.00', '750.95', '', 44),
(29, '06-2971925-1', '12-050868662-0', '1211-6636-8501', '581.30', '302.50', '400.00', '1283.80', '', 45),
(30, '06-4112516-6', '12-025715564-7', '1212-2372-8203', '545.00', '206.25', '300.00', '1051.25', '', 46),
(31, '06-4111458-8', '12-025714683-4', '1212-2395-4175', '581.30', '220.00', '300.00', '1101.30', '', 47),
(32, '06-2565054-7', '12-050510887-1', '1211-2251-5711', '363.30', '137.50', '200.00', '700.80', '', 48),
(33, '06-4012182-8', '12-025641339-1', '1212-0381-6641', '363.30', '137.50', '200.00', '700.80', '', 49),
(34, '', '12-025315971-0', '1212-2964-9806', '363.30', '137.50', '200.00', '0.00', '', 50),
(35, '', '', '', '0.00', '0.00', '0.00', '0.00', '', 51),
(36, '', '', '', '0.00', '0.00', '0.00', '0.00', '', 52),
(37, '', '', '', '0.00', '0.00', '0.00', '0.00', '', 53),
(38, '', '', '', '581.30', '220.00', '300.00', '1101.30', '', 54),
(39, '', '', '', '0.00', '0.00', '0.00', '5666.75', '931-757-156-000', 55),
(40, '', '', '', '0.00', '0.00', '0.00', '6666.75', '169-600-065-000', 56),
(41, '', '', '', '0.00', '0.00', '0.00', '0.00', '147-448-747-000', 57),
(42, '', '', '', '0.00', '0.00', '0.00', '0.00', '204-869-453-000', 58),
(43, '03-6667450-7', '12-050682381-7', '', '0.00', '0.00', '0.00', '4167.00', '133-737-281-000', 59),
(44, '', '', '', '0.00', '0.00', '0.00', '0.00', '', 60),
(45, '', '', '', '0.00', '0.00', '0.00', '0.00', '', 61),
(46, '', '', '', '0.00', '0.00', '0.00', '0.00', '', 62),
(47, '', '', '', '0.00', '0.00', '0.00', '0.00', '', 63),
(48, '', '', '', '0.00', '0.00', '0.00', '0.00', '', 64),
(49, '', '', '', '0.00', '0.00', '0.00', '0.00', '', 65),
(50, '', '', '', '0.00', '0.00', '0.00', '0.00', '', 66),
(51, '', '', '', '0.00', '0.00', '0.00', '0.00', '', 67),
(52, '', '', '', '0.00', '0.00', '0.00', '0.00', '', 68),
(53, '', '', '', '0.00', '0.00', '0.00', '0.00', '', 69),
(54, '', '', '', '0.00', '0.00', '0.00', '0.00', '', 70),
(55, '', '', '', '0.00', '0.00', '0.00', '0.00', '', 71),
(56, '', '', '', '0.00', '0.00', '0.00', '0.00', '', 72),
(57, '', '', '', '0.00', '0.00', '0.00', '0.00', '', 73);

-- --------------------------------------------------------

--
-- Table structure for table `employee`
--

CREATE TABLE `employee` (
  `Employee_id` int(11) NOT NULL,
  `Firstname` varchar(20) NOT NULL,
  `Middlename` varchar(20) NOT NULL,
  `Lastname` varchar(20) NOT NULL,
  `Suffix` varchar(5) DEFAULT NULL,
  `Identification_number` varchar(20) DEFAULT NULL,
  `Birthdate` varchar(20) NOT NULL,
  `Gender` enum('Male','Female','','') NOT NULL,
  `Address` varchar(20) NOT NULL,
  `Zip_code` varchar(5) NOT NULL,
  `Marital_status` enum('Single','Married','Divorced','Widowed') NOT NULL,
  `Contact` varchar(20) NOT NULL,
  `Department` varchar(20) NOT NULL,
  `Position` varchar(20) NOT NULL,
  `Salary` decimal(12,2) NOT NULL DEFAULT '0.00',
  `Allowance` decimal(12,2) NOT NULL DEFAULT '0.00',
  `Rate_perday` decimal(12,2) NOT NULL DEFAULT '0.00',
  `Bank_account_number` varchar(30) NOT NULL DEFAULT 'No Bank Account Yet',
  `Hired_date` varchar(20) NOT NULL,
  `Status` enum('Resigned','Retired','Terminated','AWOL','Employee','End_of_contract') NOT NULL DEFAULT 'Employee',
  `Deleted` enum('1','0','','') NOT NULL DEFAULT '1',
  `date_created` timestamp NOT NULL DEFAULT CURRENT_TIMESTAMP ON UPDATE CURRENT_TIMESTAMP,
  `Branch` int(11) NOT NULL
) ENGINE=InnoDB DEFAULT CHARSET=latin1;

--
-- Dumping data for table `employee`
--

INSERT INTO `employee` (`Employee_id`, `Firstname`, `Middlename`, `Lastname`, `Suffix`, `Identification_number`, `Birthdate`, `Gender`, `Address`, `Zip_code`, `Marital_status`, `Contact`, `Department`, `Position`, `Salary`, `Allowance`, `Rate_perday`, `Bank_account_number`, `Hired_date`, `Status`, `Deleted`, `date_created`, `Branch`) VALUES
(42, 'Jennifer', 'Gonzales', 'Ang', '', '002', '1977-01-14', 'Female', 'Blk. 9 Lot 60, Iridi', '6046', 'Married', '09421959736/09458566', 'Corp._Employee', 'General Manager', '40000.00', '5000.00', '0.00', '', '2018-03-21', 'Employee', '1', '2018-08-30 05:20:32', 1),
(43, 'Kimberly Alexislyn ', 'Pelias', 'Pastor', '', '007', '1995-05-02', 'Female', 'San Roque St. Mambal', '6000', 'Single', '09562857783', 'Corp._Employee', 'Personnel Officer', '22000.00', '3000.00', '0.00', '', '2018-05-10', 'Employee', '1', '2018-10-25 03:27:23', 1),
(44, 'Noreen Llonore', 'Tuquib', 'Lacubtan', '', '006', '1996-01-05', 'Female', '16D Imagen Compound,', '6000', 'Single', '09175202662', 'Corp._Employee', 'Property Custodian', '22000.00', '3000.00', '0.00', '', '2018-04-10', 'Employee', '1', '2018-08-22 04:50:17', 1),
(45, 'Kiselyn', 'Arrogante', 'Pacuri', '', '004', '1990-07-04', 'Female', 'Ibabao Estancia, Man', '6014', 'Single', '09568474921', 'Corp._Employee', 'Cashier', '22000.00', '3000.00', '0.00', '', '2017-11-03', 'Employee', '1', '2018-08-22 04:50:22', 1),
(46, 'Jehanna Rose', 'Orevillo', 'Nicor', '', '008', '1997-11-02', 'Female', 'Ubca Quiot Pardo, Ce', '6000', 'Single', '09994097277', 'Corp._Employee', 'Accounting Staff', '17000.00', '3000.00', '0.00', '', '12018-05-21', 'Employee', '1', '2018-08-22 04:50:33', 1),
(47, 'Rodah May', 'Batayola', 'Escanillan', '', '011', '1998-05-23', 'Female', 'Lamac, Consolacion C', '6001', 'Single', '09330474066', 'Corp._Employee', 'Accounting Auditor', '22000.00', '3000.00', '0.00', '', '2018-06-26', 'Employee', '1', '2018-10-25 04:27:38', 1),
(48, 'Jurgen', 'Nabua', 'Ruiz', '', '005', '1985-02-14', 'Female', '152 Quijano Compound', '6000', 'Married', '09324512980', 'Corp._Employee', 'Compliance Officer', '17000.00', '3000.00', '0.00', '', '2018-06-04', 'Employee', '1', '2018-08-22 04:50:52', 1),
(49, 'Janiene Niña', 'Etulle', 'Allosada', '', '009', '1998-02-03', 'Female', '714-c San Roque St. ', '6000', 'Single', '09434838711', 'Corp._Employee', 'Admin Secretary', '15000.00', '3000.00', '0.00', '', '2018-05-03', 'Employee', '1', '2018-10-25 04:30:23', 1),
(50, 'Mary Grace', 'Bacolod', 'Despi', '', '010', '1994-10-08', 'Female', 'Winland Towers Escar', '6000', 'Single', '09474822561', 'Corp._Employee', 'Secretary', '15000.00', '3000.00', '0.00', '', '2018-06-26', 'Employee', '1', '2018-10-25 04:31:25', 1),
(51, 'Dick', 'Chiong', 'Cubero', '', '013', '1952-07-02', 'Male', '550-a Gen. Maxilom S', '6000', 'Married', '09173206532', 'Corp._Employee', 'Driver', '12000.00', '3000.00', '0.00', '', '2018-07-16', 'Employee', '1', '2018-10-25 04:31:48', 1),
(52, 'Johanagean', 'Etulle', 'Allosada', '', '', '2018-04-04', 'Female', '714-c San Roque St. ', '6000', 'Single', '09084243990', 'Bayad_Center', 'Teller', '13000.00', '2000.00', '500.00', '', '2018-05-10', 'Employee', '1', '2018-10-29 03:09:34', 20),
(53, 'Marlyn', 'Campos', 'Toliao', '', '', '1993-04-25', 'Female', 'Brgy. Bonifacio St. ', '6000', 'Single', '09326685918', 'Bayad_Center', 'Teller', '13000.00', '2000.00', '500.00', '', '2018-05-15', 'Employee', '1', '2018-08-30 05:44:25', 20),
(54, 'Judelyn', 'Pesquera', 'Carbaquil', '', '', '1977-04-17', 'Female', 'Block 10, Lot 8, Pha', '6046', 'Married', '0923-1382430', 'Corp._Employee', 'Budget Officer', '22000.00', '3000.00', '0.00', '', '2018-07-26', 'Employee', '1', '2018-08-30 05:21:49', 1),
(55, 'Ester', 'Cuyos', 'Ocaña', '', '', '1976-04-18', 'Female', 'Rolling Hills, Bacan', '8000', 'Single', '0917-1234538', 'Corp._Officer', 'Treasurer', '46000.00', '5000.00', '1533.33', '', '2018-01-01', 'Employee', '1', '2018-10-10 07:18:35', 1),
(56, 'Emmanuel', 'Roa', 'Duterte', '', '', '2018-09-06', 'Male', 'Rolling Hills, Bacac', '8000', 'Single', '09770812498/09286772', 'Corp._Officer', 'President', '50000.00', '0.00', '0.00', '', '2018-01-01', 'Employee', '1', '2018-08-22 04:52:31', 1),
(57, 'Gloria', 'Tuquib', 'Duterte', '', '', '2018-01-23', 'Female', '16-d Imagen Comp. Ri', '6000', 'Married', '09175202662', 'Corp._Officer', 'Consultant', '40000.00', '5000.00', '0.00', '', '2018-06-01', 'Employee', '1', '2018-12-11 03:02:16', 1),
(58, 'Carmelito', 'Calvo', 'Duterte', '', '', '2018-05-21', 'Male', '16-d Imagen Comp., R', '6000', 'Married', '09560497304', 'Corp._Officer', 'Vice-President', '47000.00', '5000.00', '1566.67', '', '2018-01-01', 'Employee', '1', '2018-10-10 07:20:16', 1),
(59, 'Reynaldo', 'Duterte', 'Abad', '', '', '1963-11-17', 'Male', '537 Ravinas Comp., P', '6000', 'Married', '0917-129-3251', 'Corp._Officer', 'Consultant On Securi', '40000.00', '0.00', '1333.33', '', '2018-07-13', 'Employee', '1', '2018-11-09 09:21:12', 1),
(60, 'Jay Ann', 'Bustamante ', 'Alquizalas', '', '', '1998-10-16', 'Female', 'Salinas Drive Extens', '6000', 'Single', '09084562648', 'Bayad_Center', 'Teller', '13000.00', '2000.00', '500.00', '', '2018-07-30', 'Employee', '1', '2018-10-29 02:59:05', 20),
(61, 'Christine', 'Sedurifa', 'Almario', '', '', '1973-05-18', 'Female', 'V-15 Juana Osmeña Ex', '6000', 'Married', '09083457877', 'Bayad_Center', 'Teller-Supervisor', '17000.00', '3000.00', '654.00', '', '2018-07-30', 'Employee', '1', '2018-08-30 06:01:49', 20),
(62, 'Joseph Je', 'Cabug-os', 'Uy ', '', '', '1979-10-29', 'Male', '#28 Lorega , San Mig', '6000', 'Married', '09566209136', 'Bayad_Center', 'Teller', '13000.00', '2000.00', '500.00', '', '2018-07-30', 'Employee', '1', '2018-10-29 05:07:59', 21),
(63, 'Milky', 'Carvajal', 'Bulay', '', '', '1996-12-20', 'Female', '232 E SABELLANO ST. ', '6000', 'Single', '1', 'Bayad_Center', 'BC-TELLER', '13000.00', '2000.00', '500.00', '', '2018-08-22', 'Employee', '1', '2018-10-12 02:13:23', 2),
(64, 'Divina', 'Zaspa', 'Javier', '', '', '1982-12-01', 'Female', '602 SUN VALLEY, V. R', '6000', 'Married', '1', 'Bayad_Center', 'BC-TELLER', '13000.00', '2000.00', '500.00', '', '2018-08-22', 'Employee', '1', '2018-10-12 02:13:36', 2),
(65, 'Imee Concepcion', 'Cabaron', 'Sastrillas', '', '', '1983-12-08', 'Female', '108 N. BACALSO AVENU', '6000', 'Single', '1', 'Bayad_Center', 'BC-TELLER', '13000.00', '2000.00', '500.00', '', '2018-08-22', 'Employee', '1', '2018-12-27 08:02:06', 2),
(66, 'Honeymae', 'Cañete', 'Bacarisas', '', '', '1996-10-10', 'Female', 'MANSUETO STREET BULA', '1', 'Single', '1', 'Bayad_Center', 'BC-TELLER', '13000.00', '2000.00', '500.00', '', '2018-08-22', 'Employee', '1', '2018-10-12 02:09:29', 2),
(67, 'Angelica', 'Sy', 'Arjon', '', '', '1998-02-08', 'Female', 'SODIUM ST PHASE 3 BL', '6000', 'Single', '1', 'Bayad_Center', 'BC-TELLER', '13000.00', '2000.00', '500.00', '', '2018-08-22', 'Employee', '1', '2018-10-12 02:08:14', 2),
(68, 'Teresa', 'C', 'Cabañero', '', '', '1969-03-13', 'Female', '1529 1ST STREET, FRI', '6000', 'Married', '1', 'Bayad_Center', 'BC-TELLER', '13000.00', '2000.00', '500.00', '', '2018-08-22', 'Employee', '1', '2018-10-12 02:10:40', 2),
(69, 'Edlyn', 'Cabalquinto', 'Cabriana', '', '', '1983-01-20', 'Male', 'Guila Guila Bonbon, ', '6000', 'Single', '09750652927', 'Bayad_Center', 'Teller', '13000.00', '2000.00', '500.00', '', '2018-09-24', 'Employee', '1', '2018-10-29 03:12:57', 20),
(70, 'Mary Cleanne WInth', 'Dofitas', 'Padilla', '', '', '1996-10-22', 'Female', 'Urgello St., Cebu Ci', '6000', 'Single', '09451485606', 'Bayad_Center', 'Teller', '13000.00', '2000.00', '433.33', '', '2018-09-24', 'Employee', '1', '2018-10-29 05:24:32', 21),
(71, 'John Michael', 'Patalinghug', 'Lingad', '', '', '1993-10-02', 'Male', '#2 Forest Hills Bana', '6000', 'Single', '09224090102', 'Bayad_Center', 'Teller', '13000.00', '2000.00', '433.33', '', '2018-09-24', 'Employee', '1', '2018-10-29 03:07:48', 2),
(72, 'OLIVIA ', 'VUVA', 'CABALLERO', '', '', '1984-02-02', 'Female', '72 B. ARANAS ST., CE', '6000', 'Single', '09336316993', 'Bayad_Center', 'BC-TELLER', '13000.00', '2000.00', '500.00', '', '2018-12-10', 'Employee', '1', '2018-11-27 03:32:37', 2),
(73, 'MARTIN', 'OCAÑA', 'AGCOPRA', 'JR.', '', '1997-01-14', 'Male', 'D2L4B6 NILE ST. ROLL', '8000', 'Single', '09474810927', 'Bayad_Center', 'SUPERVISOR', '17000.00', '3000.00', '566.67', '', '2018-11-01', 'Employee', '1', '2018-11-29 04:55:23', 25);

-- --------------------------------------------------------

--
-- Table structure for table `payroll`
--

CREATE TABLE `payroll` (
  `payroll_id` int(11) NOT NULL,
  `cutoff_id` int(11) NOT NULL,
  `employee_id` int(11) NOT NULL,
  `prateperdays` decimal(12,2) NOT NULL,
  `pnumberofdays` int(11) NOT NULL,
  `povertimeamount` decimal(12,2) NOT NULL,
  `pallowance` decimal(12,2) NOT NULL,
  `padjustments` decimal(12,2) NOT NULL,
  `pgrosspay` decimal(12,2) NOT NULL,
  `ptotalgrosspay` decimal(12,2) NOT NULL,
  `absentamount` decimal(12,2) NOT NULL,
  `pundertimeamount` decimal(12,2) NOT NULL,
  `pcashadvance` decimal(12,2) NOT NULL,
  `psss` decimal(12,2) NOT NULL,
  `pphilhealth` decimal(12,2) NOT NULL,
  `ppagibig` decimal(12,2) NOT NULL,
  `ptax` decimal(12,2) NOT NULL,
  `ptotaldeductions` decimal(12,2) NOT NULL,
  `pnetpay` decimal(12,2) NOT NULL,
  `absentday` int(5) NOT NULL,
  `othour` int(5) NOT NULL,
  `otmin` int(5) NOT NULL,
  `uthour` int(5) NOT NULL,
  `utmin` int(5) NOT NULL,
  `remarks` text NOT NULL,
  `remarkss` text NOT NULL,
  `date_created` timestamp NOT NULL DEFAULT CURRENT_TIMESTAMP ON UPDATE CURRENT_TIMESTAMP
) ENGINE=InnoDB DEFAULT CHARSET=latin1;

--
-- Dumping data for table `payroll`
--

INSERT INTO `payroll` (`payroll_id`, `cutoff_id`, `employee_id`, `prateperdays`, `pnumberofdays`, `povertimeamount`, `pallowance`, `padjustments`, `pgrosspay`, `ptotalgrosspay`, `absentamount`, `pundertimeamount`, `pcashadvance`, `psss`, `pphilhealth`, `ppagibig`, `ptax`, `ptotaldeductions`, `pnetpay`, `absentday`, `othour`, `otmin`, `uthour`, `utmin`, `remarks`, `remarkss`, `date_created`) VALUES
(1, 13, 62, '500.00', 10, '0.00', '0.00', '0.00', '5000.00', '5000.00', '0.00', '0.00', '0.00', '0.00', '0.00', '0.00', '0.00', '0.00', '5000.00', 0, 0, 0, 0, 0, '', '', '2018-08-13 04:08:01'),
(2, 13, 61, '500.00', 10, '0.00', '0.00', '0.00', '5000.00', '5000.00', '0.00', '0.00', '0.00', '0.00', '0.00', '0.00', '0.00', '0.00', '5000.00', 0, 0, 0, 0, 0, '', '', '2018-08-13 04:10:50'),
(3, 13, 53, '500.00', 12, '0.00', '1000.00', '0.00', '6000.00', '7000.00', '0.00', '0.00', '0.00', '0.00', '0.00', '0.00', '0.00', '0.00', '7000.00', 0, 0, 0, 0, 0, '', '', '2018-08-13 04:12:56'),
(4, 13, 52, '500.00', 12, '0.00', '1000.00', '0.00', '6000.00', '7000.00', '0.00', '0.00', '0.00', '0.00', '0.00', '0.00', '0.00', '0.00', '7000.00', 0, 0, 0, 0, 0, '', '', '2018-08-13 04:13:34'),
(5, 13, 60, '500.00', 10, '0.00', '0.00', '0.00', '5000.00', '5000.00', '0.00', '0.00', '0.00', '0.00', '0.00', '0.00', '0.00', '0.00', '5000.00', 0, 0, 0, 0, 0, '', '', '2018-08-13 04:19:12'),
(6, 13, 42, '1333.33', 15, '0.00', '2500.00', '0.00', '20000.00', '22500.00', '0.00', '0.00', '0.00', '581.30', '412.50', '600.00', '1527.20', '1593.80', '20906.20', 0, 0, 0, 0, 0, '', '', '2018-08-13 07:03:29'),
(7, 13, 43, '734.00', 15, '0.00', '1500.00', '0.00', '11000.00', '12500.00', '0.00', '275.25', '0.00', '545.00', '206.25', '300.00', '0.00', '1326.50', '11173.50', 0, 0, 0, 3, 0, '', '', '2018-08-13 07:06:19'),
(8, 13, 48, '0.00', 15, '0.00', '1500.00', '0.00', '8500.00', '10000.00', '0.00', '0.00', '0.00', '363.30', '137.50', '200.00', '0.00', '700.80', '9299.20', 0, 0, 0, 0, 0, '', '', '2018-08-13 07:09:00'),
(9, 13, 46, '0.00', 15, '0.00', '1500.00', '0.00', '8500.00', '10000.00', '0.00', '0.00', '0.00', '545.00', '206.25', '300.00', '0.00', '1051.25', '8948.75', 0, 0, 0, 0, 0, '', '', '2018-08-13 07:09:40'),
(10, 13, 49, '0.00', 15, '0.00', '1500.00', '0.00', '7500.00', '9000.00', '0.00', '0.00', '0.00', '363.30', '137.50', '200.00', '0.00', '700.80', '8299.20', 0, 0, 0, 0, 0, '', '', '2018-08-13 07:10:07'),
(11, 13, 50, '0.00', 15, '0.00', '1500.00', '0.00', '7500.00', '9000.00', '0.00', '0.00', '0.00', '0.00', '0.00', '0.00', '0.00', '0.00', '9000.00', 0, 0, 0, 0, 0, '', '', '2018-08-13 07:11:47'),
(12, 13, 44, '0.00', 15, '0.00', '1500.00', '0.00', '11000.00', '12500.00', '0.00', '0.00', '0.00', '472.30', '151.25', '200.00', '0.00', '823.55', '11676.45', 0, 0, 0, 0, 0, '', '', '2018-08-13 07:12:07'),
(13, 13, 51, '0.00', 15, '0.00', '1500.00', '0.00', '6000.00', '7500.00', '0.00', '0.00', '0.00', '0.00', '0.00', '0.00', '0.00', '0.00', '7500.00', 0, 0, 0, 0, 0, '', '', '2018-08-13 07:12:52'),
(14, 13, 47, '0.00', 15, '0.00', '1500.00', '0.00', '11000.00', '12500.00', '0.00', '0.00', '0.00', '0.00', '0.00', '0.00', '0.00', '0.00', '12500.00', 0, 0, 0, 0, 0, '', '', '2018-08-13 07:14:09'),
(15, 13, 45, '0.00', 15, '0.00', '1500.00', '0.00', '11000.00', '12500.00', '0.00', '0.00', '0.00', '581.30', '302.50', '400.00', '0.00', '1283.80', '11216.20', 0, 0, 0, 0, 0, '', '', '2018-08-13 07:15:18'),
(16, 13, 54, '734.00', 12, '0.00', '1500.00', '0.00', '11000.00', '12500.00', '2202.00', '367.00', '0.00', '0.00', '0.00', '0.00', '0.00', '2569.00', '9931.00', 3, 0, 0, 4, 0, '', '', '2018-08-13 07:43:22'),
(17, 13, 55, '0.00', 15, '0.00', '0.00', '0.00', '17500.00', '17500.00', '0.00', '0.00', '0.00', '0.00', '0.00', '0.00', '2917.00', '0.00', '17500.00', 0, 0, 0, 0, 0, '', '', '2018-08-13 07:44:18'),
(18, 13, 56, '0.00', 15, '0.00', '0.00', '0.00', '25000.00', '25000.00', '0.00', '0.00', '0.00', '0.00', '0.00', '0.00', '4167.00', '0.00', '25000.00', 0, 0, 0, 0, 0, '', '', '2018-08-13 07:44:30'),
(19, 13, 57, '0.00', 15, '0.00', '2500.00', '0.00', '20000.00', '22500.00', '0.00', '0.00', '0.00', '0.00', '0.00', '0.00', '0.00', '0.00', '22500.00', 0, 0, 0, 0, 0, '', '', '2018-08-13 07:44:40'),
(20, 13, 58, '0.00', 15, '0.00', '2500.00', '0.00', '22500.00', '25000.00', '0.00', '0.00', '0.00', '0.00', '0.00', '0.00', '0.00', '0.00', '25000.00', 0, 0, 0, 0, 0, '', '', '2018-08-13 07:44:50'),
(21, 13, 59, '0.00', 15, '0.00', '0.00', '0.00', '17500.00', '17500.00', '0.00', '0.00', '0.00', '0.00', '0.00', '0.00', '2917.00', '0.00', '17500.00', 0, 0, 0, 0, 0, '', '', '2018-08-13 07:45:02'),
(22, 14, 48, '0.00', 15, '0.00', '1500.00', '0.00', '8500.00', '10000.00', '0.00', '0.00', '0.00', '0.00', '0.00', '0.00', '0.00', '0.00', '10000.00', 0, 0, 0, 0, 0, '', '', '2018-08-28 06:26:07'),
(23, 14, 43, '734.00', 15, '0.00', '1500.00', '0.00', '11000.00', '12500.00', '0.00', '0.00', '0.00', '0.00', '0.00', '0.00', '0.00', '0.00', '12500.00', 0, 0, 0, 0, 0, '', '', '2018-08-28 07:05:44'),
(24, 14, 46, '0.00', 15, '0.00', '1500.00', '0.00', '8500.00', '10000.00', '0.00', '0.00', '0.00', '0.00', '0.00', '0.00', '0.00', '0.00', '10000.00', 0, 0, 0, 0, 0, '', '', '2018-08-28 07:06:00'),
(25, 14, 42, '1333.33', 15, '0.00', '2500.00', '0.00', '20000.00', '22500.00', '0.00', '0.00', '0.00', '0.00', '0.00', '0.00', '1527.20', '1527.20', '20972.80', 0, 0, 0, 0, 0, '', '', '2018-08-28 07:06:47'),
(26, 14, 50, '0.00', 14, '0.00', '1500.00', '0.00', '7500.00', '9000.00', '500.00', '0.00', '0.00', '0.00', '0.00', '0.00', '0.00', '500.00', '8500.00', 1, 0, 0, 0, 0, '', '', '2018-08-28 07:57:11'),
(27, 14, 44, '0.00', 15, '0.00', '1500.00', '0.00', '11000.00', '12500.00', '0.00', '0.00', '0.00', '0.00', '0.00', '0.00', '0.00', '0.00', '12500.00', 0, 0, 0, 0, 0, '', '', '2018-08-28 07:57:34'),
(28, 14, 51, '0.00', 12, '0.00', '1500.00', '0.00', '6000.00', '7500.00', '1200.00', '0.00', '0.00', '0.00', '0.00', '0.00', '0.00', '1200.00', '6300.00', 3, 0, 0, 0, 0, '', '', '2018-08-28 07:59:29'),
(29, 14, 49, '0.00', 15, '0.00', '1500.00', '0.00', '7500.00', '9000.00', '0.00', '0.00', '0.00', '0.00', '0.00', '0.00', '0.00', '0.00', '9000.00', 0, 0, 0, 0, 0, '', '', '2018-08-28 08:00:10'),
(30, 14, 54, '734.00', 15, '0.00', '1500.00', '0.00', '11000.00', '12500.00', '0.00', '0.00', '0.00', '0.00', '0.00', '0.00', '0.00', '0.00', '12500.00', 0, 0, 0, 0, 0, '', '', '2018-08-28 08:00:26'),
(31, 14, 47, '0.00', 15, '0.00', '1500.00', '0.00', '11000.00', '12500.00', '0.00', '0.00', '0.00', '0.00', '0.00', '0.00', '0.00', '0.00', '12500.00', 0, 0, 0, 0, 0, '', '', '2018-08-28 08:00:46'),
(32, 14, 45, '0.00', 15, '0.00', '1500.00', '0.00', '11000.00', '12500.00', '0.00', '0.00', '0.00', '0.00', '0.00', '0.00', '0.00', '0.00', '12500.00', 0, 0, 0, 0, 0, '', '', '2018-08-28 08:01:10'),
(33, 14, 56, '0.00', 15, '0.00', '0.00', '0.00', '25000.00', '25000.00', '0.00', '0.00', '0.00', '0.00', '0.00', '0.00', '4167.00', '4167.00', '20833.00', 0, 0, 0, 0, 0, '', '', '2018-08-29 02:40:58'),
(34, 14, 55, '0.00', 15, '0.00', '0.00', '0.00', '17500.00', '17500.00', '0.00', '0.00', '0.00', '0.00', '0.00', '0.00', '2917.00', '2917.00', '14583.00', 0, 0, 0, 0, 0, '', '', '2018-08-29 02:42:36'),
(35, 14, 58, '0.00', 15, '0.00', '2500.00', '0.00', '22500.00', '25000.00', '0.00', '0.00', '0.00', '0.00', '0.00', '0.00', '0.00', '0.00', '25000.00', 0, 0, 0, 0, 0, '', '', '2018-08-29 02:43:07'),
(36, 14, 57, '0.00', 15, '0.00', '2500.00', '0.00', '20000.00', '22500.00', '0.00', '0.00', '0.00', '0.00', '0.00', '0.00', '0.00', '0.00', '22500.00', 0, 0, 0, 0, 0, '', '', '2018-08-29 02:43:42'),
(56, 14, 60, '500.00', 11, '0.00', '1000.00', '500.00', '5500.00', '7000.00', '0.00', '0.00', '0.00', '0.00', '0.00', '0.00', '0.00', '0.00', '7000.00', 0, 0, 0, 0, 0, '', '', '2018-08-30 05:53:31'),
(59, 14, 52, '500.00', 11, '0.00', '1000.00', '500.00', '5500.00', '7000.00', '0.00', '0.00', '0.00', '0.00', '0.00', '0.00', '0.00', '0.00', '7000.00', 0, 0, 0, 0, 0, '', '', '2018-08-30 05:56:33'),
(60, 14, 53, '500.00', 10, '250.00', '1000.00', '500.00', '5000.00', '6750.00', '0.00', '0.00', '0.00', '0.00', '0.00', '0.00', '0.00', '0.00', '6750.00', 0, 4, 0, 0, 0, '', '', '2018-08-30 05:59:00'),
(61, 14, 62, '500.00', 13, '125.00', '1000.00', '500.00', '6500.00', '8125.00', '0.00', '0.00', '0.00', '0.00', '0.00', '0.00', '0.00', '0.00', '8125.00', 0, 2, 0, 0, 0, '', '', '2018-08-30 06:00:58'),
(62, 14, 61, '653.85', 12, '0.00', '1500.00', '653.85', '7846.15', '10000.00', '0.00', '0.00', '0.00', '0.00', '0.00', '0.00', '0.00', '0.00', '10000.00', 0, 0, 0, 0, 0, '', '', '2018-08-30 06:02:38'),
(63, 14, 63, '500.00', 3, '0.00', '0.00', '0.00', '1500.00', '1500.00', '0.00', '0.00', '0.00', '0.00', '0.00', '0.00', '0.00', '0.00', '1500.00', 0, 0, 0, 0, 0, '', '', '2018-08-30 06:05:43'),
(64, 14, 67, '500.00', 3, '0.00', '0.00', '0.00', '1500.00', '1500.00', '0.00', '0.00', '0.00', '0.00', '0.00', '0.00', '0.00', '0.00', '1500.00', 0, 0, 0, 0, 0, '', '', '2018-08-30 06:06:11'),
(65, 14, 64, '500.00', 3, '0.00', '0.00', '0.00', '1500.00', '1500.00', '0.00', '0.00', '0.00', '0.00', '0.00', '0.00', '0.00', '0.00', '1500.00', 0, 0, 0, 0, 0, '', '', '2018-08-30 06:06:25'),
(66, 14, 65, '500.00', 3, '0.00', '0.00', '0.00', '1500.00', '1500.00', '0.00', '0.00', '0.00', '0.00', '0.00', '0.00', '0.00', '0.00', '1500.00', 0, 0, 0, 0, 0, '', '', '2018-08-30 06:06:52'),
(67, 14, 66, '500.00', 3, '0.00', '0.00', '0.00', '1500.00', '1500.00', '0.00', '0.00', '0.00', '0.00', '0.00', '0.00', '0.00', '0.00', '1500.00', 0, 0, 0, 0, 0, '', '', '2018-08-30 06:07:05'),
(68, 14, 68, '500.00', 2, '0.00', '0.00', '0.00', '1000.00', '1000.00', '0.00', '0.00', '0.00', '0.00', '0.00', '0.00', '0.00', '0.00', '1000.00', 0, 0, 0, 0, 0, '', '', '2018-08-30 06:07:16'),
(69, 15, 48, '566.67', 15, '0.00', '1500.00', '0.00', '8500.00', '10000.00', '0.00', '0.00', '0.00', '363.30', '137.50', '200.00', '0.00', '700.80', '9299.20', 0, 0, 0, 0, 0, '', '', '2018-09-11 08:45:55'),
(71, 15, 46, '566.67', 15, '0.00', '1500.00', '0.00', '8500.00', '10000.00', '0.00', '0.00', '0.00', '545.00', '206.25', '300.00', '0.00', '1051.25', '8948.75', 0, 0, 0, 0, 0, '', '', '2018-09-11 08:46:59'),
(74, 15, 51, '400.00', 15, '0.00', '1500.00', '0.00', '6000.00', '7500.00', '0.00', '0.00', '0.00', '0.00', '0.00', '0.00', '0.00', '0.00', '7500.00', 0, 0, 0, 0, 0, '', '', '2018-09-11 08:53:42'),
(75, 15, 49, '500.00', 15, '0.00', '1500.00', '0.00', '7500.00', '9000.00', '0.00', '0.00', '0.00', '363.30', '137.50', '200.00', '0.00', '700.80', '8299.20', 0, 0, 0, 0, 0, '', '', '2018-09-11 08:55:28'),
(79, 15, 58, '1500.00', 15, '0.00', '2500.00', '0.00', '22500.00', '25000.00', '0.00', '0.00', '0.00', '0.00', '0.00', '0.00', '0.00', '0.00', '25000.00', 0, 0, 0, 0, 0, '', '', '2018-09-11 09:01:25'),
(80, 15, 57, '1333.33', 15, '0.00', '2500.00', '0.00', '20000.00', '22500.00', '0.00', '0.00', '0.00', '0.00', '0.00', '0.00', '0.00', '0.00', '22500.00', 0, 0, 0, 0, 0, '', '', '2018-09-11 09:01:45'),
(81, 15, 42, '1333.33', 15, '0.00', '2500.00', '0.00', '20000.00', '22500.00', '0.00', '0.00', '0.00', '581.30', '412.50', '600.00', '0.00', '1593.80', '20906.20', 0, 0, 0, 0, 0, '', '', '2018-09-11 09:04:42'),
(82, 15, 56, '1666.67', 15, '0.00', '0.00', '0.00', '25000.00', '25000.00', '0.00', '0.00', '0.00', '0.00', '0.00', '0.00', '0.00', '0.00', '25000.00', 0, 0, 0, 0, 0, '', '', '2018-09-11 09:05:08'),
(83, 15, 55, '1166.67', 15, '0.00', '0.00', '0.00', '17500.00', '17500.00', '0.00', '0.00', '0.00', '0.00', '0.00', '0.00', '0.00', '0.00', '17500.00', 0, 0, 0, 0, 0, '', '', '2018-09-11 09:05:24'),
(85, 15, 60, '500.00', 13, '0.00', '1000.00', '150.00', '6500.00', '7650.00', '0.00', '0.00', '0.00', '0.00', '0.00', '0.00', '0.00', '0.00', '7650.00', 0, 0, 0, 0, 0, '', '', '2018-09-11 09:36:51'),
(86, 15, 61, '653.85', 12, '0.00', '1500.00', '0.00', '7846.15', '9346.15', '0.00', '0.00', '0.00', '0.00', '0.00', '0.00', '0.00', '0.00', '9346.15', 0, 0, 0, 0, 0, '', '', '2018-09-11 09:37:25'),
(87, 15, 52, '500.00', 13, '0.00', '1000.00', '0.00', '6500.00', '7500.00', '0.00', '0.00', '0.00', '0.00', '0.00', '0.00', '0.00', '0.00', '7500.00', 0, 0, 0, 0, 0, '', '', '2018-09-11 09:38:47'),
(88, 15, 62, '500.00', 13, '0.00', '1000.00', '150.00', '6500.00', '7650.00', '0.00', '0.00', '0.00', '0.00', '0.00', '0.00', '0.00', '0.00', '7650.00', 0, 0, 0, 0, 0, '', '', '2018-09-11 09:42:38'),
(90, 15, 66, '500.00', 9, '0.00', '0.00', '0.00', '4500.00', '4500.00', '0.00', '0.00', '0.00', '0.00', '0.00', '0.00', '0.00', '0.00', '4500.00', 0, 0, 0, 0, 0, '', '', '2018-09-11 09:44:49'),
(91, 15, 64, '500.00', 10, '0.00', '0.00', '0.00', '5000.00', '5000.00', '0.00', '0.00', '0.00', '0.00', '0.00', '0.00', '0.00', '0.00', '5000.00', 0, 0, 0, 0, 0, '', '', '2018-09-11 09:45:38'),
(92, 15, 65, '500.00', 10, '0.00', '0.00', '0.00', '5000.00', '5000.00', '0.00', '0.00', '0.00', '0.00', '0.00', '0.00', '0.00', '0.00', '5000.00', 0, 0, 0, 0, 0, '', '', '2018-09-11 09:46:23'),
(93, 15, 67, '500.00', 10, '0.00', '0.00', '0.00', '5000.00', '5000.00', '0.00', '0.00', '0.00', '0.00', '0.00', '0.00', '0.00', '0.00', '5000.00', 0, 0, 0, 0, 0, '', '', '2018-09-11 09:47:16'),
(94, 15, 63, '500.00', 10, '0.00', '0.00', '0.00', '5000.00', '5000.00', '0.00', '0.00', '0.00', '0.00', '0.00', '0.00', '0.00', '0.00', '5000.00', 0, 0, 0, 0, 0, '', '', '2018-09-11 09:48:10'),
(100, 15, 68, '500.00', 9, '0.00', '0.00', '0.00', '4500.00', '4500.00', '0.00', '0.00', '0.00', '0.00', '0.00', '0.00', '0.00', '0.00', '4500.00', 0, 0, 0, 0, 0, '', '', '2018-09-12 02:51:03'),
(101, 15, 53, '500.00', 13, '0.00', '1000.00', '150.00', '6500.00', '7650.00', '0.00', '0.00', '0.00', '0.00', '0.00', '0.00', '0.00', '0.00', '7650.00', 0, 0, 0, 0, 0, '', '', '2018-09-12 02:56:41'),
(102, 15, 54, '733.33', 14, '0.00', '1500.00', '0.00', '11000.00', '12500.00', '733.33', '64.17', '0.00', '581.30', '302.50', '400.00', '0.00', '2081.30', '10418.70', 1, 0, 0, 0, 42, '', '', '2018-09-12 03:17:53'),
(103, 15, 47, '733.33', 15, '0.00', '1500.00', '0.00', '11000.00', '12500.00', '0.00', '0.00', '0.00', '581.30', '302.50', '300.00', '0.00', '1183.80', '11316.20', 0, 0, 0, 0, 0, '', '', '2018-09-12 03:50:33'),
(104, 15, 45, '733.33', 15, '0.00', '1500.00', '0.00', '11000.00', '12500.00', '0.00', '278.06', '0.00', '581.30', '302.50', '400.00', '0.00', '1561.86', '10938.14', 0, 0, 0, 0, 182, '', '', '2018-09-12 03:51:04'),
(105, 15, 50, '500.00', 15, '0.00', '1500.00', '0.00', '7500.00', '9000.00', '0.00', '13.54', '0.00', '363.30', '137.50', '200.00', '0.00', '714.34', '8285.66', 0, 0, 0, 0, 13, '', '', '2018-09-12 03:51:50'),
(106, 15, 44, '733.33', 15, '0.00', '1500.00', '0.00', '11000.00', '12500.00', '0.00', '13.75', '0.00', '472.30', '151.25', '200.00', '0.00', '837.30', '11662.70', 0, 0, 0, 0, 9, '', '', '2018-09-12 03:52:25'),
(107, 15, 43, '733.33', 15, '0.00', '1500.00', '0.00', '11000.00', '12500.00', '0.00', '12.22', '0.00', '545.00', '206.25', '300.00', '0.00', '1063.47', '11436.53', 0, 0, 0, 0, 8, '', '', '2018-09-12 03:52:53'),
(108, 16, 58, '1500.00', 15, '0.00', '2500.00', '0.00', '22500.00', '25000.00', '0.00', '0.00', '0.00', '0.00', '0.00', '0.00', '0.00', '0.00', '25000.00', 0, 0, 0, 0, 0, '', '', '2018-09-24 07:40:07'),
(109, 16, 56, '1666.67', 15, '0.00', '0.00', '0.00', '25000.00', '25000.00', '0.00', '0.00', '0.00', '0.00', '0.00', '0.00', '4167.00', '4167.00', '20833.00', 0, 0, 0, 0, 0, '', '', '2018-09-24 07:40:34'),
(110, 16, 55, '1166.67', 15, '0.00', '0.00', '0.00', '17500.00', '17500.00', '0.00', '0.00', '0.00', '0.00', '0.00', '0.00', '2917.00', '2917.00', '14583.00', 0, 0, 0, 0, 0, '', '', '2018-09-24 07:40:56'),
(111, 16, 57, '1333.33', 15, '0.00', '2500.00', '0.00', '20000.00', '22500.00', '0.00', '0.00', '0.00', '0.00', '0.00', '0.00', '0.00', '0.00', '22500.00', 0, 0, 0, 0, 0, '', '', '2018-09-24 07:41:21'),
(112, 16, 42, '1333.33', 15, '0.00', '2500.00', '0.00', '20000.00', '22500.00', '0.00', '0.00', '0.00', '0.00', '0.00', '0.00', '1527.20', '1527.20', '20972.80', 0, 0, 0, 0, 0, '', '', '2018-09-24 08:25:33'),
(117, 16, 46, '566.67', 15, '0.00', '1500.00', '0.00', '8500.00', '10000.00', '0.00', '0.00', '0.00', '0.00', '0.00', '0.00', '0.00', '0.00', '10000.00', 0, 0, 0, 0, 0, '', '', '2018-09-24 08:45:44'),
(120, 16, 47, '733.33', 15, '0.00', '1500.00', '0.00', '11000.00', '12500.00', '0.00', '0.00', '0.00', '0.00', '0.00', '0.00', '0.00', '0.00', '12500.00', 0, 0, 0, 0, 0, '', '', '2018-09-24 08:58:32'),
(124, 16, 49, '500.00', 15, '0.00', '1500.00', '0.00', '7500.00', '9000.00', '0.00', '0.00', '0.00', '0.00', '0.00', '0.00', '0.00', '0.00', '9000.00', 0, 0, 0, 0, 0, '', '', '2018-09-25 05:42:10'),
(125, 16, 54, '733.33', 14, '0.00', '1500.00', '0.00', '11000.00', '12500.00', '733.33', '0.00', '0.00', '0.00', '0.00', '0.00', '0.00', '733.33', '11766.67', 1, 0, 0, 0, 0, '', '', '2018-09-25 06:01:04'),
(128, 16, 51, '400.00', 15, '0.00', '1500.00', '0.00', '6000.00', '7500.00', '0.00', '0.00', '0.00', '0.00', '0.00', '0.00', '0.00', '0.00', '7500.00', 0, 0, 0, 0, 0, '', '', '2018-09-25 08:26:57'),
(130, 16, 45, '733.33', 15, '0.00', '1500.00', '0.00', '11000.00', '12500.00', '0.00', '87.08', '0.00', '0.00', '0.00', '0.00', '0.00', '87.08', '12412.92', 0, 0, 0, 0, 57, '', '', '2018-09-25 08:28:21'),
(131, 16, 43, '733.33', 15, '0.00', '1500.00', '0.00', '11000.00', '12500.00', '0.00', '50.42', '0.00', '0.00', '0.00', '0.00', '0.00', '50.42', '12449.58', 0, 0, 0, 0, 33, '', '', '2018-09-25 08:28:55'),
(133, 16, 44, '733.33', 15, '0.00', '1500.00', '0.00', '11000.00', '12500.00', '0.00', '103.89', '0.00', '0.00', '0.00', '0.00', '0.00', '103.89', '12396.11', 0, 0, 0, 0, 68, '', '', '2018-09-25 08:30:17'),
(134, 16, 52, '500.00', 13, '0.00', '1000.00', '0.00', '6500.00', '7500.00', '0.00', '0.00', '0.00', '0.00', '0.00', '0.00', '0.00', '0.00', '7500.00', 0, 0, 0, 0, 0, '', '', '2018-09-25 08:42:15'),
(135, 16, 61, '653.85', 13, '0.00', '1500.00', '0.00', '8500.00', '10000.00', '0.00', '0.00', '0.00', '0.00', '0.00', '0.00', '0.00', '0.00', '10000.00', 0, 0, 0, 0, 0, '', '', '2018-09-25 08:42:26'),
(136, 16, 60, '500.00', 13, '0.00', '1000.00', '0.00', '6500.00', '7500.00', '0.00', '0.00', '0.00', '0.00', '0.00', '0.00', '0.00', '0.00', '7500.00', 0, 0, 0, 0, 0, '', '', '2018-09-25 08:42:38'),
(137, 16, 53, '500.00', 13, '0.00', '1000.00', '0.00', '6500.00', '7500.00', '0.00', '0.00', '0.00', '0.00', '0.00', '0.00', '0.00', '0.00', '7500.00', 0, 0, 0, 0, 0, '', '', '2018-09-25 08:42:46'),
(138, 16, 62, '500.00', 13, '0.00', '1000.00', '0.00', '6500.00', '7500.00', '0.00', '0.00', '0.00', '0.00', '0.00', '0.00', '0.00', '0.00', '7500.00', 0, 0, 0, 0, 0, '', '', '2018-09-25 08:42:59'),
(139, 16, 67, '500.00', 11, '0.00', '500.00', '250.00', '5500.00', '6250.00', '0.00', '0.00', '0.00', '0.00', '0.00', '0.00', '0.00', '0.00', '6250.00', 0, 0, 0, 0, 0, '', '', '2018-09-25 09:24:06'),
(140, 16, 66, '500.00', 12, '0.00', '500.00', '0.00', '6000.00', '6500.00', '0.00', '0.00', '0.00', '0.00', '0.00', '0.00', '0.00', '0.00', '6500.00', 0, 0, 0, 0, 0, '', '', '2018-09-25 09:26:11'),
(141, 16, 63, '500.00', 12, '0.00', '500.00', '0.00', '6000.00', '6500.00', '0.00', '0.00', '0.00', '0.00', '0.00', '0.00', '0.00', '0.00', '6500.00', 0, 0, 0, 0, 0, '', '', '2018-09-25 09:27:12'),
(142, 16, 68, '500.00', 11, '375.00', '1000.00', '0.00', '5500.00', '6875.00', '0.00', '0.00', '0.00', '0.00', '0.00', '0.00', '0.00', '0.00', '6875.00', 0, 6, 0, 0, 0, '', '', '2018-09-25 09:31:47'),
(143, 16, 64, '500.00', 12, '0.00', '500.00', '0.00', '6000.00', '6500.00', '0.00', '0.00', '0.00', '0.00', '0.00', '0.00', '0.00', '0.00', '6500.00', 0, 0, 0, 0, 0, '', '', '2018-09-25 09:33:27'),
(144, 16, 65, '500.00', 12, '0.00', '500.00', '0.00', '6000.00', '6500.00', '0.00', '0.00', '0.00', '0.00', '0.00', '0.00', '0.00', '0.00', '6500.00', 0, 0, 0, 0, 0, '', '', '2018-09-25 09:34:31'),
(145, 16, 48, '566.67', 15, '0.00', '1500.00', '0.00', '8500.00', '10000.00', '0.00', '0.00', '0.00', '0.00', '0.00', '0.00', '0.00', '0.00', '10000.00', 0, 0, 0, 0, 0, '', '', '2018-09-26 08:31:39'),
(146, 16, 50, '500.00', 15, '0.00', '1500.00', '0.00', '7500.00', '9000.00', '0.00', '31.25', '0.00', '0.00', '0.00', '0.00', '0.00', '31.25', '8968.75', 0, 0, 0, 0, 30, '', '', '2018-09-26 08:34:10'),
(147, 16, 69, '500.00', 2, '0.00', '0.00', '0.00', '1000.00', '1000.00', '0.00', '0.00', '0.00', '0.00', '0.00', '0.00', '0.00', '0.00', '1000.00', 0, 0, 0, 0, 0, '', '', '2018-10-08 06:18:49'),
(148, 16, 70, '500.00', 2, '0.00', '0.00', '0.00', '1000.00', '1000.00', '0.00', '0.00', '0.00', '0.00', '0.00', '0.00', '0.00', '0.00', '1000.00', 0, 0, 0, 0, 0, '', '', '2018-10-08 06:19:02'),
(149, 17, 49, '500.00', 15, '0.00', '1500.00', '0.00', '7500.00', '9000.00', '0.00', '0.00', '0.00', '363.30', '137.50', '200.00', '0.00', '700.80', '8299.20', 0, 0, 0, 0, 0, '', '', '2018-10-10 06:17:56'),
(150, 17, 42, '1333.33', 15, '0.00', '2500.00', '0.00', '20000.00', '22500.00', '0.00', '0.00', '0.00', '581.30', '412.50', '600.00', '0.00', '1593.80', '20906.20', 0, 0, 0, 0, 0, '', '', '2018-10-10 06:20:19'),
(151, 17, 54, '733.33', 15, '0.00', '1500.00', '815.83', '11000.00', '13315.83', '0.00', '0.00', '0.00', '581.30', '220.00', '400.00', '0.00', '1201.30', '12114.53', 0, 0, 0, 0, 0, 'Sept. sick leave is erroneously deducted from Sept. 11-25 payroll. It is deducted from SL balance-733.33, PHIC overdeduction from Sept.- 82.50', '', '2018-10-10 06:48:57'),
(152, 17, 51, '400.00', 15, '0.00', '1500.00', '0.00', '6000.00', '7500.00', '0.00', '0.00', '0.00', '0.00', '0.00', '0.00', '0.00', '0.00', '7500.00', 0, 0, 0, 0, 0, '', '', '2018-10-10 06:49:30'),
(153, 17, 50, '500.00', 15, '0.00', '1500.00', '0.00', '7500.00', '9000.00', '0.00', '0.00', '0.00', '363.30', '137.50', '200.00', '0.00', '700.80', '8299.20', 0, 0, 0, 0, 0, '', '', '2018-10-10 06:50:55'),
(154, 17, 47, '733.33', 15, '0.00', '1500.00', '82.50', '11000.00', '12582.50', '0.00', '0.00', '0.00', '581.30', '220.00', '300.00', '0.00', '1101.30', '11481.20', 0, 0, 0, 0, 0, 'Overdeduction of PHIC for the month of Sept. -82.50 ', '', '2018-10-10 06:52:53'),
(156, 17, 46, '566.67', 15, '0.00', '1500.00', '0.00', '8500.00', '10000.00', '0.00', '0.00', '0.00', '545.00', '206.25', '300.00', '0.00', '1051.25', '8948.75', 0, 0, 0, 0, 0, '', '', '2018-10-10 06:53:47'),
(158, 17, 43, '733.33', 15, '0.00', '1500.00', '0.00', '11000.00', '12500.00', '0.00', '0.00', '0.00', '545.00', '206.25', '300.00', '0.00', '1051.25', '11448.75', 0, 0, 0, 0, 0, '', '', '2018-10-10 06:55:11'),
(159, 17, 48, '566.67', 15, '0.00', '1500.00', '0.00', '8500.00', '10000.00', '0.00', '0.00', '0.00', '363.30', '137.50', '200.00', '0.00', '700.80', '9299.20', 0, 0, 0, 0, 0, '', '', '2018-10-10 06:55:26'),
(160, 17, 44, '733.33', 15, '0.00', '1500.00', '0.00', '11000.00', '12500.00', '0.00', '0.00', '0.00', '399.70', '151.25', '200.00', '0.00', '750.95', '11749.05', 0, 0, 0, 0, 0, '', '', '2018-10-10 07:06:12'),
(161, 17, 56, '1666.67', 15, '0.00', '0.00', '0.00', '25000.00', '25000.00', '0.00', '0.00', '0.00', '0.00', '0.00', '0.00', '0.00', '0.00', '25000.00', 0, 0, 0, 0, 0, '', '', '2018-10-10 07:21:38'),
(162, 17, 57, '1333.33', 15, '0.00', '2500.00', '0.00', '20000.00', '22500.00', '0.00', '0.00', '0.00', '0.00', '0.00', '0.00', '0.00', '0.00', '22500.00', 0, 0, 0, 0, 0, '', '', '2018-10-10 07:21:44'),
(163, 17, 58, '1566.67', 15, '0.00', '2500.00', '0.00', '23500.00', '26000.00', '0.00', '0.00', '0.00', '0.00', '0.00', '0.00', '0.00', '0.00', '26000.00', 0, 0, 0, 0, 0, '', '', '2018-10-10 07:21:55'),
(164, 17, 55, '1533.33', 15, '0.00', '2500.00', '0.00', '23000.00', '25500.00', '0.00', '0.00', '0.00', '0.00', '0.00', '0.00', '0.00', '0.00', '25500.00', 0, 0, 0, 0, 0, '', '', '2018-10-10 07:22:06'),
(166, 17, 59, '1166.67', 15, '0.00', '0.00', '-2500.00', '17500.00', '15000.00', '0.00', '0.00', '0.00', '0.00', '0.00', '0.00', '0.00', '0.00', '15000.00', 0, 0, 0, 0, 0, 'Last deduction of Cash Advance', '', '2018-10-10 08:09:28'),
(167, 17, 45, '733.33', 15, '0.00', '1500.00', '0.00', '11000.00', '12500.00', '0.00', '42.78', '0.00', '581.30', '302.50', '400.00', '0.00', '1326.58', '11173.42', 0, 0, 0, 0, 28, '', '', '2018-10-10 08:32:03'),
(180, 17, 52, '500.00', 13, '0.00', '1000.00', '0.00', '6500.00', '7500.00', '0.00', '0.00', '0.00', '0.00', '0.00', '0.00', '0.00', '0.00', '7500.00', 0, 0, 0, 0, 0, '', '', '2018-10-12 02:01:15'),
(181, 17, 61, '653.85', 13, '0.00', '1500.00', '0.00', '8500.00', '10000.00', '0.00', '0.00', '0.00', '0.00', '0.00', '0.00', '0.00', '0.00', '10000.00', 0, 0, 0, 0, 0, '', '', '2018-10-12 02:01:27'),
(182, 17, 60, '500.00', 13, '0.00', '1000.00', '0.00', '6500.00', '7500.00', '0.00', '0.00', '0.00', '0.00', '0.00', '0.00', '0.00', '0.00', '7500.00', 0, 0, 0, 0, 0, '', '', '2018-10-12 02:01:37'),
(183, 17, 62, '500.00', 13, '0.00', '1000.00', '0.00', '6500.00', '7500.00', '0.00', '0.00', '0.00', '0.00', '0.00', '0.00', '0.00', '0.00', '7500.00', 0, 0, 0, 0, 0, '', '', '2018-10-12 02:01:53'),
(184, 17, 69, '500.00', 9, '0.00', '0.00', '0.00', '4500.00', '4500.00', '0.00', '0.00', '0.00', '0.00', '0.00', '0.00', '0.00', '0.00', '4500.00', 0, 0, 0, 0, 0, '', '', '2018-10-12 02:03:27'),
(186, 17, 66, '500.00', 13, '125.00', '1000.00', '0.00', '6500.00', '7625.00', '0.00', '0.00', '0.00', '0.00', '0.00', '0.00', '0.00', '0.00', '7625.00', 0, 2, 0, 0, 0, '', '', '2018-10-12 02:09:48'),
(187, 17, 63, '500.00', 13, '0.00', '1000.00', '0.00', '6500.00', '7500.00', '0.00', '0.00', '0.00', '0.00', '0.00', '0.00', '0.00', '0.00', '7500.00', 0, 0, 0, 0, 0, '', '', '2018-10-12 02:10:20'),
(188, 17, 68, '500.00', 13, '125.00', '1000.00', '0.00', '6500.00', '7625.00', '0.00', '0.00', '0.00', '0.00', '0.00', '0.00', '0.00', '0.00', '7625.00', 0, 2, 0, 0, 0, '', '', '2018-10-12 02:11:03'),
(189, 17, 64, '500.00', 13, '0.00', '1000.00', '0.00', '6500.00', '7500.00', '0.00', '0.00', '0.00', '0.00', '0.00', '0.00', '0.00', '0.00', '7500.00', 0, 0, 0, 0, 0, '', '', '2018-10-12 02:11:56'),
(190, 17, 65, '500.00', 13, '0.00', '1000.00', '0.00', '6500.00', '7500.00', '0.00', '0.00', '0.00', '0.00', '0.00', '0.00', '0.00', '0.00', '7500.00', 0, 0, 0, 0, 0, '', '', '2018-10-12 02:12:32'),
(191, 17, 71, '500.00', 12, '0.00', '0.00', '0.00', '6000.00', '6000.00', '0.00', '0.00', '0.00', '0.00', '0.00', '0.00', '0.00', '0.00', '6000.00', 0, 0, 0, 0, 0, '', '', '2018-10-12 02:20:14'),
(192, 17, 70, '500.00', 9, '0.00', '0.00', '0.00', '4500.00', '4500.00', '0.00', '0.00', '0.00', '0.00', '0.00', '0.00', '0.00', '0.00', '4500.00', 0, 0, 0, 0, 0, '', '', '2018-10-12 02:20:33'),
(193, 17, 67, '500.00', 12, '125.00', '1000.00', '0.00', '6500.00', '7625.00', '500.00', '0.00', '0.00', '0.00', '0.00', '0.00', '0.00', '500.00', '7125.00', 1, 2, 0, 0, 0, '', '', '2018-10-12 02:36:31'),
(197, 18, 50, '500.00', 15, '0.00', '1500.00', '0.00', '7500.00', '9000.00', '0.00', '0.00', '0.00', '0.00', '0.00', '0.00', '0.00', '0.00', '9000.00', 0, 0, 0, 0, 0, '', '', '2018-10-25 08:09:29'),
(202, 18, 43, '733.33', 15, '0.00', '1500.00', '0.00', '11000.00', '12500.00', '0.00', '0.00', '0.00', '0.00', '0.00', '0.00', '0.00', '0.00', '12500.00', 0, 0, 0, 0, 0, '', '', '2018-10-25 08:15:15'),
(204, 18, 46, '566.67', 15, '0.00', '1500.00', '0.00', '8500.00', '10000.00', '0.00', '0.00', '0.00', '0.00', '0.00', '0.00', '0.00', '0.00', '10000.00', 0, 0, 0, 0, 0, '', '', '2018-10-25 08:16:16'),
(207, 18, 58, '1566.67', 15, '0.00', '2500.00', '0.00', '23500.00', '26000.00', '0.00', '0.00', '0.00', '0.00', '0.00', '0.00', '0.00', '0.00', '26000.00', 0, 0, 0, 0, 0, '', '', '2018-10-25 08:39:11'),
(208, 18, 56, '1666.67', 15, '0.00', '0.00', '0.00', '25000.00', '25000.00', '0.00', '0.00', '0.00', '0.00', '0.00', '0.00', '6666.75', '6666.75', '18333.25', 0, 0, 0, 0, 0, '', '', '2018-10-25 08:44:08'),
(209, 18, 57, '1333.33', 15, '0.00', '2500.00', '0.00', '20000.00', '22500.00', '0.00', '0.00', '0.00', '0.00', '0.00', '0.00', '0.00', '0.00', '22500.00', 0, 0, 0, 0, 0, '', '', '2018-10-25 08:44:19'),
(210, 18, 49, '500.00', 15, '0.00', '1500.00', '0.00', '7500.00', '9000.00', '0.00', '0.00', '0.00', '0.00', '0.00', '0.00', '0.00', '0.00', '9000.00', 0, 0, 0, 0, 0, '', '', '2018-10-25 08:44:38'),
(211, 18, 55, '1533.33', 15, '0.00', '2500.00', '0.00', '23000.00', '25500.00', '0.00', '0.00', '0.00', '0.00', '0.00', '0.00', '5666.75', '5666.75', '19833.25', 0, 0, 0, 0, 0, '', '', '2018-10-25 08:46:25'),
(212, 18, 51, '400.00', 15, '0.00', '1500.00', '0.00', '6000.00', '7500.00', '0.00', '0.00', '0.00', '0.00', '0.00', '0.00', '0.00', '0.00', '7500.00', 0, 0, 0, 0, 0, '', '', '2018-10-26 08:00:54'),
(213, 18, 42, '1333.33', 15, '0.00', '2500.00', '0.00', '20000.00', '22500.00', '0.00', '0.00', '0.00', '0.00', '0.00', '0.00', '1527.20', '1527.20', '20972.80', 0, 0, 0, 0, 0, '', '', '2018-10-26 08:01:07'),
(214, 18, 54, '733.33', 15, '0.00', '1500.00', '0.00', '11000.00', '12500.00', '0.00', '0.00', '0.00', '0.00', '0.00', '0.00', '0.00', '0.00', '12500.00', 0, 0, 0, 0, 0, '', '', '2018-10-26 08:01:23'),
(215, 18, 48, '566.67', 15, '0.00', '1500.00', '0.00', '8500.00', '10000.00', '0.00', '0.00', '0.00', '0.00', '0.00', '0.00', '0.00', '0.00', '10000.00', 0, 0, 0, 0, 0, '', '', '2018-10-26 08:01:34'),
(216, 18, 45, '733.33', 15, '0.00', '1500.00', '0.00', '11000.00', '12500.00', '0.00', '0.00', '0.00', '0.00', '0.00', '0.00', '0.00', '0.00', '12500.00', 0, 0, 0, 0, 0, '', '', '2018-10-26 08:01:44'),
(217, 18, 44, '733.33', 15, '0.00', '1500.00', '0.00', '11000.00', '12500.00', '0.00', '0.00', '0.00', '0.00', '0.00', '0.00', '0.00', '0.00', '12500.00', 0, 0, 0, 0, 0, '', '', '2018-10-26 08:01:55'),
(218, 18, 47, '733.33', 15, '0.00', '1500.00', '0.00', '11000.00', '12500.00', '0.00', '0.00', '0.00', '0.00', '0.00', '0.00', '0.00', '0.00', '12500.00', 0, 0, 0, 0, 0, '', '', '2018-10-26 08:02:04'),
(233, 18, 52, '500.00', 13, '0.00', '1000.00', '0.00', '6500.00', '7500.00', '0.00', '0.00', '0.00', '0.00', '0.00', '0.00', '0.00', '0.00', '7500.00', 0, 0, 0, 0, 0, '', '', '2018-10-29 04:42:04'),
(235, 18, 61, '653.85', 12, '0.00', '1500.00', '0.00', '8500.00', '10000.00', '653.85', '0.00', '0.00', '0.00', '0.00', '0.00', '0.00', '653.85', '9346.15', 1, 0, 0, 0, 0, '', '', '2018-10-29 04:42:33'),
(236, 18, 60, '500.00', 13, '0.00', '1000.00', '0.00', '6500.00', '7500.00', '0.00', '0.00', '0.00', '0.00', '0.00', '0.00', '0.00', '0.00', '7500.00', 0, 0, 0, 0, 0, '', '', '2018-10-29 04:42:41'),
(237, 18, 69, '500.00', 13, '0.00', '1000.00', '0.00', '6500.00', '7500.00', '0.00', '0.00', '0.00', '0.00', '0.00', '0.00', '0.00', '0.00', '7500.00', 0, 0, 0, 0, 0, '', '', '2018-10-29 04:42:49'),
(238, 18, 67, '500.00', 13, '0.00', '1000.00', '0.00', '6500.00', '7500.00', '0.00', '0.00', '0.00', '0.00', '0.00', '0.00', '0.00', '0.00', '7500.00', 0, 0, 0, 0, 0, '', '', '2018-10-29 04:44:00'),
(239, 18, 66, '500.00', 13, '0.00', '1000.00', '0.00', '6500.00', '7500.00', '0.00', '0.00', '0.00', '0.00', '0.00', '0.00', '0.00', '0.00', '7500.00', 0, 0, 0, 0, 0, '', '', '2018-10-29 04:44:09'),
(240, 18, 63, '500.00', 12, '0.00', '1000.00', '0.00', '6500.00', '7500.00', '500.00', '0.00', '0.00', '0.00', '0.00', '0.00', '0.00', '500.00', '7000.00', 1, 0, 0, 0, 0, '', '', '2018-10-29 04:44:21'),
(241, 18, 68, '500.00', 13, '0.00', '1000.00', '0.00', '6500.00', '7500.00', '0.00', '0.00', '0.00', '0.00', '0.00', '0.00', '0.00', '0.00', '7500.00', 0, 0, 0, 0, 0, '', '', '2018-10-29 04:44:30'),
(242, 18, 64, '500.00', 0, '0.00', '1000.00', '0.00', '6500.00', '7500.00', '250.00', '0.00', '0.00', '0.00', '0.00', '0.00', '0.00', '250.00', '7250.00', 1, 0, 0, 0, 0, '', '', '2018-10-29 04:44:41'),
(243, 18, 65, '500.00', 13, '0.00', '1000.00', '0.00', '6500.00', '7500.00', '0.00', '0.00', '0.00', '0.00', '0.00', '0.00', '0.00', '0.00', '7500.00', 0, 0, 0, 0, 0, '', '', '2018-10-29 04:44:49'),
(247, 18, 62, '500.00', 13, '0.00', '1000.00', '0.00', '6500.00', '7500.00', '0.00', '0.00', '0.00', '0.00', '0.00', '0.00', '0.00', '0.00', '7500.00', 0, 0, 0, 0, 0, '', '', '2018-10-29 05:09:07'),
(248, 18, 71, '500.00', 10, '0.00', '1000.00', '0.00', '6500.00', '7500.00', '1750.00', '0.00', '0.00', '0.00', '0.00', '0.00', '0.00', '1750.00', '5750.00', 4, 0, 0, 0, 0, '', '', '2018-10-29 05:15:13'),
(249, 18, 72, '500.00', 9, '0.00', '0.00', '0.00', '6500.00', '6500.00', '2250.00', '0.00', '0.00', '0.00', '0.00', '0.00', '0.00', '2250.00', '4250.00', 5, 0, 0, 0, 0, '', '', '2018-10-29 05:20:40'),
(251, 18, 70, '500.00', 12, '0.00', '1000.00', '0.00', '6500.00', '7500.00', '500.00', '0.00', '0.00', '0.00', '0.00', '0.00', '0.00', '500.00', '7000.00', 1, 0, 0, 0, 0, '', '', '2018-10-29 05:25:53'),
(284, 20, 61, '653.85', 13, '0.00', '1500.00', '0.00', '8500.00', '10000.00', '0.00', '0.00', '0.00', '0.00', '0.00', '0.00', '0.00', '0.00', '10000.00', 0, 0, 0, 0, 0, '', '', '2018-11-14 07:45:27'),
(285, 20, 69, '500.00', 13, '0.00', '1000.00', '0.00', '6500.00', '7500.00', '0.00', '0.00', '0.00', '0.00', '0.00', '0.00', '0.00', '0.00', '7500.00', 0, 0, 0, 0, 0, '', '', '2018-11-14 07:45:37'),
(286, 20, 60, '500.00', 13, '0.00', '1000.00', '0.00', '6500.00', '7500.00', '0.00', '0.00', '0.00', '0.00', '0.00', '0.00', '0.00', '0.00', '7500.00', 0, 0, 0, 0, 0, '', '', '2018-11-14 07:45:48'),
(287, 20, 52, '500.00', 11, '0.00', '1000.00', '0.00', '6500.00', '7500.00', '1000.00', '0.00', '0.00', '0.00', '0.00', '0.00', '0.00', '1000.00', '6500.00', 2, 0, 0, 0, 0, '', '', '2018-11-14 07:46:26'),
(288, 20, 62, '500.00', 13, '0.00', '1000.00', '0.00', '6500.00', '7500.00', '0.00', '0.00', '0.00', '0.00', '0.00', '0.00', '0.00', '0.00', '7500.00', 0, 0, 0, 0, 0, '', '', '2018-11-14 07:47:39'),
(289, 20, 70, '500.00', 12, '0.00', '1000.00', '0.00', '6500.00', '7500.00', '500.00', '119.79', '0.00', '0.00', '0.00', '0.00', '0.00', '619.79', '6880.21', 1, 0, 0, 1, 55, '', '', '2018-11-14 07:48:09'),
(290, 20, 67, '500.00', 11, '0.00', '1000.00', '0.00', '6500.00', '7500.00', '1000.00', '0.00', '0.00', '0.00', '0.00', '0.00', '0.00', '1000.00', '6500.00', 2, 0, 0, 0, 0, '', '', '2018-11-14 07:50:21'),
(291, 20, 64, '500.00', 12, '0.00', '1000.00', '0.00', '6500.00', '7500.00', '500.00', '0.00', '0.00', '0.00', '0.00', '0.00', '0.00', '500.00', '7000.00', 1, 0, 0, 0, 0, '', '', '2018-11-14 07:50:44'),
(292, 20, 66, '500.00', 13, '0.00', '1000.00', '0.00', '6500.00', '7500.00', '0.00', '0.00', '0.00', '0.00', '0.00', '0.00', '0.00', '0.00', '7500.00', 0, 0, 0, 0, 0, '', '', '2018-11-14 07:50:53'),
(293, 20, 65, '500.00', 13, '0.00', '1000.00', '0.00', '6500.00', '7500.00', '0.00', '0.00', '0.00', '0.00', '0.00', '0.00', '0.00', '0.00', '7500.00', 0, 0, 0, 0, 0, '', '', '2018-11-14 07:51:02'),
(294, 20, 71, '500.00', 12, '0.00', '1000.00', '0.00', '6500.00', '7500.00', '500.00', '0.00', '0.00', '0.00', '0.00', '0.00', '0.00', '500.00', '7000.00', 1, 0, 0, 0, 0, '', '', '2018-11-14 07:51:13'),
(295, 20, 63, '500.00', 13, '0.00', '1000.00', '0.00', '6500.00', '7500.00', '0.00', '0.00', '0.00', '0.00', '0.00', '0.00', '0.00', '0.00', '7500.00', 0, 0, 0, 0, 0, '', '', '2018-11-14 07:51:22'),
(296, 20, 72, '500.00', 9, '0.00', '500.00', '0.00', '4500.00', '5000.00', '0.00', '0.00', '0.00', '0.00', '0.00', '0.00', '0.00', '0.00', '5000.00', 0, 0, 0, 0, 0, '', '', '2018-11-14 07:51:37'),
(297, 20, 68, '500.00', 13, '0.00', '1000.00', '0.00', '6500.00', '7500.00', '0.00', '0.00', '0.00', '0.00', '0.00', '0.00', '0.00', '0.00', '7500.00', 0, 0, 0, 0, 0, '', '', '2018-11-14 07:51:50'),
(298, 20, 58, '1566.67', 15, '0.00', '2500.00', '0.00', '23500.00', '26000.00', '0.00', '0.00', '0.00', '0.00', '0.00', '0.00', '0.00', '0.00', '26000.00', 0, 0, 0, 0, 0, '', '', '2018-11-15 03:17:03'),
(299, 20, 56, '1666.67', 15, '0.00', '0.00', '0.00', '25000.00', '25000.00', '0.00', '0.00', '0.00', '0.00', '0.00', '0.00', '0.00', '0.00', '25000.00', 0, 0, 0, 0, 0, '', '', '2018-11-15 03:17:12'),
(300, 20, 55, '1533.33', 15, '0.00', '2500.00', '0.00', '23000.00', '25500.00', '0.00', '0.00', '0.00', '0.00', '0.00', '0.00', '0.00', '0.00', '25500.00', 0, 0, 0, 0, 0, '', '', '2018-11-15 03:17:20'),
(301, 20, 57, '1333.33', 15, '0.00', '2500.00', '0.00', '20000.00', '22500.00', '0.00', '0.00', '0.00', '0.00', '0.00', '0.00', '0.00', '0.00', '22500.00', 0, 0, 0, 0, 0, '', '', '2018-11-15 03:17:29'),
(302, 20, 59, '1333.33', 15, '0.00', '0.00', '0.00', '20000.00', '20000.00', '0.00', '0.00', '2500.00', '0.00', '0.00', '0.00', '0.00', '2500.00', '17500.00', 0, 0, 0, 0, 0, '', '', '2018-11-15 03:17:43'),
(303, 20, 51, '400.00', 15, '400.00', '1500.00', '0.00', '6000.00', '7900.00', '0.00', '0.00', '0.00', '0.00', '0.00', '0.00', '0.00', '0.00', '7900.00', 0, 8, 0, 0, 0, '', '', '2018-11-15 03:58:24'),
(304, 20, 49, '500.00', 15, '0.00', '1500.00', '0.00', '7500.00', '9000.00', '0.00', '0.00', '0.00', '363.30', '137.50', '200.00', '0.00', '700.80', '8299.20', 0, 0, 0, 0, 0, '', '', '2018-11-15 03:58:44'),
(305, 20, 46, '566.67', 15, '0.00', '1500.00', '0.00', '8500.00', '10000.00', '0.00', '0.00', '0.00', '545.00', '206.25', '300.00', '0.00', '1051.25', '8948.75', 0, 0, 0, 0, 0, '', '', '2018-11-15 03:59:00'),
(306, 20, 42, '1333.33', 15, '0.00', '2500.00', '0.00', '20000.00', '22500.00', '0.00', '0.00', '0.00', '581.30', '412.50', '600.00', '0.00', '1593.80', '20906.20', 0, 0, 0, 0, 0, '', '', '2018-11-15 03:59:13'),
(307, 20, 54, '733.33', 15, '0.00', '1500.00', '0.00', '11000.00', '12500.00', '0.00', '0.00', '0.00', '581.30', '220.00', '100.00', '0.00', '901.30', '11598.70', 0, 0, 0, 0, 0, '', '', '2018-11-15 04:00:12'),
(308, 20, 48, '566.67', 15, '0.00', '1500.00', '0.00', '8500.00', '10000.00', '0.00', '0.00', '0.00', '363.30', '137.50', '200.00', '0.00', '700.80', '9299.20', 0, 0, 0, 0, 0, '', '', '2018-11-15 04:00:33'),
(309, 20, 43, '733.33', 15, '0.00', '1500.00', '0.00', '11000.00', '12500.00', '0.00', '0.00', '0.00', '545.00', '206.25', '300.00', '0.00', '1051.25', '11448.75', 0, 0, 0, 0, 0, '', '', '2018-11-15 04:00:56'),
(310, 20, 45, '733.33', 15, '0.00', '1500.00', '0.00', '11000.00', '12500.00', '0.00', '0.00', '0.00', '581.30', '302.50', '400.00', '0.00', '1283.80', '11216.20', 0, 0, 0, 0, 0, '', '', '2018-11-15 04:01:15'),
(311, 20, 50, '500.00', 15, '0.00', '1500.00', '0.00', '7500.00', '9000.00', '0.00', '0.00', '0.00', '363.30', '137.50', '200.00', '0.00', '700.80', '8299.20', 0, 0, 0, 0, 0, '', '', '2018-11-15 04:01:35'),
(312, 20, 44, '733.33', 15, '0.00', '1500.00', '0.00', '11000.00', '12500.00', '0.00', '0.00', '0.00', '399.70', '151.25', '200.00', '0.00', '750.95', '11749.05', 0, 0, 0, 0, 0, '', '', '2018-11-15 04:01:48'),
(313, 20, 47, '733.33', 15, '0.00', '1500.00', '0.00', '11000.00', '12500.00', '0.00', '0.00', '0.00', '581.30', '220.00', '300.00', '0.00', '1101.30', '11398.70', 0, 0, 0, 0, 0, '', '', '2018-11-15 04:01:59'),
(314, 21, 48, '566.67', 15, '0.00', '1500.00', '0.00', '8500.00', '10000.00', '0.00', '0.00', '1000.00', '0.00', '0.00', '0.00', '0.00', '1000.00', '9000.00', 0, 0, 0, 0, 0, '', '', '2018-11-26 06:18:40'),
(316, 21, 43, '733.33', 15, '0.00', '1500.00', '0.00', '11000.00', '12500.00', '0.00', '0.00', '1000.00', '0.00', '0.00', '0.00', '0.00', '1000.00', '11500.00', 0, 0, 0, 0, 0, '', '', '2018-11-26 06:21:39'),
(317, 21, 42, '1333.33', 15, '0.00', '2500.00', '0.00', '20000.00', '22500.00', '0.00', '0.00', '1000.00', '0.00', '0.00', '0.00', '1527.20', '2527.20', '19972.80', 0, 0, 0, 0, 0, '', '', '2018-11-26 06:22:18'),
(318, 21, 54, '733.33', 15, '0.00', '1500.00', '0.00', '11000.00', '12500.00', '0.00', '0.00', '1000.00', '0.00', '0.00', '0.00', '0.00', '1000.00', '11500.00', 0, 0, 0, 0, 0, '', '', '2018-11-26 06:22:45'),
(319, 21, 47, '733.33', 15, '0.00', '1500.00', '0.00', '11000.00', '12500.00', '0.00', '0.00', '1000.00', '0.00', '0.00', '0.00', '0.00', '1000.00', '11500.00', 0, 0, 0, 0, 0, '', '', '2018-11-26 06:22:58'),
(321, 21, 44, '733.33', 15, '0.00', '1500.00', '0.00', '11000.00', '12500.00', '0.00', '0.00', '1000.00', '0.00', '0.00', '0.00', '0.00', '1000.00', '11500.00', 0, 0, 0, 0, 0, '', '', '2018-11-26 06:24:30'),
(322, 21, 51, '400.00', 15, '0.00', '1500.00', '0.00', '6000.00', '7500.00', '0.00', '0.00', '1000.00', '0.00', '0.00', '0.00', '0.00', '1000.00', '6500.00', 0, 0, 0, 0, 0, '', '', '2018-11-26 06:24:45'),
(323, 21, 49, '500.00', 15, '0.00', '1500.00', '0.00', '7500.00', '9000.00', '0.00', '0.00', '0.00', '0.00', '0.00', '0.00', '0.00', '0.00', '9000.00', 0, 0, 0, 0, 0, '', '', '2018-11-26 06:25:01'),
(324, 21, 46, '566.67', 15, '0.00', '1500.00', '0.00', '8500.00', '10000.00', '0.00', '0.00', '0.00', '0.00', '0.00', '0.00', '0.00', '0.00', '10000.00', 0, 0, 0, 0, 0, '', '', '2018-11-26 06:25:25'),
(325, 21, 45, '733.33', 15, '0.00', '1500.00', '0.00', '11000.00', '12500.00', '0.00', '0.00', '1000.00', '0.00', '0.00', '0.00', '0.00', '1000.00', '11500.00', 0, 0, 0, 0, 0, '', '', '2018-11-26 06:28:43'),
(326, 21, 58, '1566.67', 15, '0.00', '2500.00', '0.00', '23500.00', '26000.00', '0.00', '0.00', '0.00', '0.00', '0.00', '0.00', '0.00', '0.00', '26000.00', 0, 0, 0, 0, 0, '', '', '2018-11-26 06:49:33'),
(327, 21, 56, '1666.67', 15, '0.00', '0.00', '0.00', '25000.00', '25000.00', '0.00', '0.00', '0.00', '0.00', '0.00', '0.00', '6666.75', '6666.75', '18333.25', 0, 0, 0, 0, 0, '', '', '2018-11-26 06:49:44'),
(328, 21, 55, '1533.33', 15, '0.00', '2500.00', '0.00', '23000.00', '25500.00', '0.00', '0.00', '0.00', '0.00', '0.00', '0.00', '5666.75', '5666.75', '19833.25', 0, 0, 0, 0, 0, '', '', '2018-11-26 06:49:54'),
(329, 21, 57, '1333.33', 15, '0.00', '2500.00', '0.00', '20000.00', '22500.00', '0.00', '0.00', '0.00', '0.00', '0.00', '0.00', '0.00', '0.00', '22500.00', 0, 0, 0, 0, 0, '', '', '2018-11-26 06:50:14'),
(330, 21, 59, '1333.33', 15, '0.00', '0.00', '0.00', '20000.00', '20000.00', '0.00', '0.00', '0.00', '0.00', '0.00', '0.00', '4167.00', '4167.00', '15833.00', 0, 0, 0, 0, 0, '', '', '2018-11-26 06:50:33'),
(331, 21, 64, '500.00', 13, '0.00', '1000.00', '0.00', '6500.00', '7500.00', '0.00', '0.00', '0.00', '0.00', '0.00', '0.00', '0.00', '0.00', '7500.00', 0, 0, 0, 0, 0, '', '', '2018-11-27 03:30:26'),
(332, 21, 65, '500.00', 13, '0.00', '1000.00', '0.00', '6500.00', '7500.00', '0.00', '0.00', '0.00', '0.00', '0.00', '0.00', '0.00', '0.00', '7500.00', 0, 0, 0, 0, 0, '', '', '2018-11-27 03:30:51'),
(333, 21, 71, '500.00', 13, '0.00', '1000.00', '0.00', '6500.00', '7500.00', '0.00', '0.00', '0.00', '0.00', '0.00', '0.00', '0.00', '0.00', '7500.00', 0, 0, 0, 0, 0, '', '', '2018-11-27 03:31:18'),
(334, 21, 72, '500.00', 9, '0.00', '1000.00', '0.00', '4500.00', '5500.00', '0.00', '0.00', '0.00', '0.00', '0.00', '0.00', '0.00', '0.00', '5500.00', 0, 0, 0, 0, 0, '', '', '2018-11-27 03:33:07'),
(335, 21, 67, '500.00', 13, '0.00', '1000.00', '0.00', '6500.00', '7500.00', '0.00', '0.00', '0.00', '0.00', '0.00', '0.00', '0.00', '0.00', '7500.00', 0, 0, 0, 0, 0, '', '', '2018-11-27 03:33:24'),
(337, 21, 63, '500.00', 13, '0.00', '1000.00', '0.00', '6500.00', '7500.00', '0.00', '0.00', '0.00', '0.00', '0.00', '0.00', '0.00', '0.00', '7500.00', 0, 0, 0, 0, 0, '', '', '2018-11-27 03:34:55'),
(338, 21, 68, '500.00', 11, '0.00', '1000.00', '0.00', '6500.00', '7500.00', '1000.00', '250.00', '0.00', '0.00', '0.00', '0.00', '0.00', '1250.00', '6250.00', 2, 0, 0, 4, 0, '', '', '2018-11-27 03:37:48'),
(339, 21, 66, '500.00', 12, '0.00', '1000.00', '0.00', '6500.00', '7500.00', '500.00', '0.00', '0.00', '0.00', '0.00', '0.00', '0.00', '500.00', '7000.00', 1, 0, 0, 0, 0, '', '', '2018-11-27 03:39:45'),
(340, 21, 52, '500.00', 12, '0.00', '1000.00', '500.00', '6500.00', '8000.00', '500.00', '0.00', '0.00', '0.00', '0.00', '0.00', '0.00', '500.00', '7500.00', 1, 0, 0, 0, 0, 'November 5 ', '', '2018-11-27 03:41:56'),
(341, 21, 61, '653.85', 12, '0.00', '1500.00', '0.00', '8500.00', '10000.00', '653.85', '0.00', '0.00', '0.00', '0.00', '0.00', '0.00', '653.85', '9346.15', 1, 0, 0, 0, 0, '', '', '2018-11-27 03:42:55'),
(343, 21, 60, '500.00', 13, '0.00', '1000.00', '0.00', '6500.00', '7500.00', '0.00', '0.00', '0.00', '0.00', '0.00', '0.00', '0.00', '0.00', '7500.00', 0, 0, 0, 0, 0, '', '', '2018-11-27 03:43:33'),
(344, 21, 69, '500.00', 13, '0.00', '1000.00', '0.00', '6500.00', '7500.00', '0.00', '0.00', '0.00', '0.00', '0.00', '0.00', '0.00', '0.00', '7500.00', 0, 0, 0, 0, 0, '', '', '2018-11-27 03:43:44'),
(345, 21, 62, '500.00', 13, '0.00', '1000.00', '0.00', '6500.00', '7500.00', '0.00', '0.00', '0.00', '0.00', '0.00', '0.00', '0.00', '0.00', '7500.00', 0, 0, 0, 0, 0, '', '', '2018-11-27 03:45:53'),
(346, 21, 70, '500.00', 12, '0.00', '1000.00', '0.00', '6500.00', '7500.00', '500.00', '0.00', '0.00', '0.00', '0.00', '0.00', '0.00', '500.00', '7000.00', 1, 0, 0, 0, 0, '', '', '2018-11-27 03:46:17'),
(347, 20, 73, '653.85', 13, '0.00', '1500.00', '0.00', '8500.00', '10000.00', '0.00', '0.00', '0.00', '0.00', '0.00', '0.00', '0.00', '0.00', '10000.00', 0, 0, 0, 0, 0, '', '', '2018-11-29 04:51:48'),
(348, 21, 73, '653.85', 13, '0.00', '1500.00', '0.00', '8500.00', '10000.00', '0.00', '0.00', '0.00', '0.00', '0.00', '0.00', '0.00', '0.00', '10000.00', 0, 0, 0, 0, 0, '', '', '2018-11-29 04:52:27'),
(349, 22, 49, '500.00', 15, '0.00', '1500.00', '0.00', '7500.00', '9000.00', '0.00', '0.00', '0.00', '363.30', '137.50', '200.00', '0.00', '700.80', '8299.20', 0, 0, 0, 0, 0, '', '', '2018-12-11 02:32:10'),
(350, 22, 44, '733.33', 15, '0.00', '1500.00', '0.00', '11000.00', '12500.00', '0.00', '0.00', '0.00', '399.70', '151.25', '200.00', '0.00', '750.95', '11749.05', 0, 0, 0, 0, 0, '', '', '2018-12-11 02:32:32'),
(352, 22, 45, '733.33', 15, '0.00', '1500.00', '0.00', '11000.00', '12500.00', '0.00', '0.00', '0.00', '581.30', '302.50', '400.00', '0.00', '1283.80', '11216.20', 0, 0, 0, 0, 0, '', '', '2018-12-11 02:33:04'),
(354, 22, 54, '733.33', 15, '0.00', '1500.00', '0.00', '11000.00', '12500.00', '0.00', '0.00', '0.00', '581.30', '220.00', '300.00', '0.00', '1101.30', '11398.70', 0, 0, 0, 0, 0, '', '', '2018-12-11 02:35:02'),
(355, 22, 42, '1333.33', 15, '0.00', '2500.00', '0.00', '20000.00', '22500.00', '0.00', '0.00', '0.00', '581.30', '412.50', '800.00', '0.00', '1793.80', '20706.20', 0, 0, 0, 0, 0, '', '', '2018-12-11 02:39:10'),
(356, 22, 47, '733.33', 15, '0.00', '1500.00', '0.00', '11000.00', '12500.00', '0.00', '0.00', '0.00', '581.30', '220.00', '300.00', '0.00', '1101.30', '11398.70', 0, 0, 0, 0, 0, '', '', '2018-12-11 02:39:45'),
(357, 22, 48, '566.67', 15, '0.00', '1500.00', '0.00', '8500.00', '10000.00', '0.00', '0.00', '0.00', '363.30', '137.50', '200.00', '0.00', '700.80', '9299.20', 0, 0, 0, 0, 0, '', '', '2018-12-11 02:40:22'),
(358, 22, 43, '733.33', 15, '0.00', '1500.00', '0.00', '11000.00', '12500.00', '0.00', '0.00', '0.00', '545.00', '206.25', '300.00', '0.00', '1051.25', '11448.75', 0, 0, 0, 0, 0, '', '', '2018-12-11 02:40:50'),
(359, 22, 46, '566.67', 15, '0.00', '1500.00', '0.00', '8500.00', '10000.00', '0.00', '0.00', '0.00', '545.00', '206.25', '300.00', '0.00', '1051.25', '8948.75', 0, 0, 0, 0, 0, '', '', '2018-12-11 02:41:23'),
(366, 22, 62, '500.00', 13, '0.00', '1000.00', '0.00', '6500.00', '7500.00', '0.00', '0.00', '0.00', '0.00', '0.00', '0.00', '0.00', '0.00', '7500.00', 0, 0, 0, 0, 0, '', '', '2018-12-11 02:44:48'),
(367, 22, 70, '500.00', 12, '0.00', '1000.00', '0.00', '6500.00', '7500.00', '500.00', '169.79', '0.00', '0.00', '0.00', '0.00', '0.00', '669.79', '6830.21', 1, 0, 0, 2, 43, '', '', '2018-12-11 02:45:33'),
(370, 22, 52, '500.00', 13, '0.00', '1000.00', '0.00', '6500.00', '7500.00', '0.00', '0.00', '0.00', '0.00', '0.00', '0.00', '0.00', '0.00', '7500.00', 0, 0, 0, 0, 0, '', '', '2018-12-11 04:37:02'),
(371, 22, 61, '653.85', 13, '0.00', '1500.00', '0.00', '8500.00', '10000.00', '0.00', '0.00', '0.00', '0.00', '0.00', '0.00', '0.00', '0.00', '10000.00', 0, 0, 0, 0, 0, '', '', '2018-12-11 04:37:18'),
(373, 22, 60, '500.00', 13, '0.00', '1000.00', '0.00', '6500.00', '7500.00', '0.00', '156.25', '0.00', '0.00', '0.00', '0.00', '0.00', '156.25', '7343.75', 0, 0, 0, 2, 30, '', '', '2018-12-11 04:39:14'),
(374, 22, 69, '500.00', 13, '0.00', '1000.00', '0.00', '6500.00', '7500.00', '0.00', '0.00', '0.00', '0.00', '0.00', '0.00', '0.00', '0.00', '7500.00', 0, 0, 0, 0, 0, '', '', '2018-12-11 04:39:30'),
(375, 24, 59, '1333.33', 15, '0.00', '0.00', '0.00', '20000.00', '20000.00', '0.00', '0.00', '20000.00', '0.00', '0.00', '0.00', '0.00', '20000.00', '0.00', 0, 0, 0, 0, 0, '', '', '2018-12-11 04:43:04'),
(376, 24, 57, '1333.33', 15, '0.00', '2500.00', '0.00', '20000.00', '22500.00', '0.00', '0.00', '0.00', '0.00', '0.00', '0.00', '0.00', '0.00', '22500.00', 0, 0, 0, 0, 0, '', '', '2018-12-11 04:43:12'),
(377, 24, 58, '1566.67', 15, '0.00', '2500.00', '0.00', '23500.00', '26000.00', '0.00', '0.00', '0.00', '0.00', '0.00', '0.00', '0.00', '0.00', '26000.00', 0, 0, 0, 0, 0, '', '', '2018-12-11 04:43:18'),
(378, 24, 56, '1666.67', 15, '0.00', '0.00', '0.00', '25000.00', '25000.00', '0.00', '0.00', '0.00', '0.00', '0.00', '0.00', '0.00', '0.00', '25000.00', 0, 0, 0, 0, 0, '', '', '2018-12-11 04:43:24'),
(379, 24, 55, '1533.33', 15, '0.00', '2500.00', '0.00', '23000.00', '25500.00', '0.00', '0.00', '0.00', '0.00', '0.00', '0.00', '0.00', '0.00', '25500.00', 0, 0, 0, 0, 0, '', '', '2018-12-11 04:43:31'),
(380, 22, 51, '400.00', 15, '400.00', '1500.00', '0.00', '6000.00', '7900.00', '0.00', '0.00', '0.00', '0.00', '0.00', '0.00', '0.00', '0.00', '7900.00', 0, 8, 0, 0, 0, '', '', '2018-12-11 04:45:10'),
(381, 22, 64, '500.00', 13, '0.00', '1000.00', '0.00', '6500.00', '7500.00', '0.00', '62.50', '0.00', '0.00', '0.00', '0.00', '0.00', '62.50', '7437.50', 0, 0, 0, 1, 0, '', '', '2018-12-11 04:49:26'),
(382, 22, 65, '500.00', 13, '0.00', '1000.00', '0.00', '6500.00', '7500.00', '0.00', '0.00', '0.00', '0.00', '0.00', '0.00', '0.00', '0.00', '7500.00', 0, 0, 0, 0, 0, '', '', '2018-12-11 04:49:39'),
(383, 22, 71, '500.00', 12, '0.00', '1000.00', '0.00', '6500.00', '7500.00', '500.00', '0.00', '0.00', '0.00', '0.00', '0.00', '0.00', '500.00', '7000.00', 1, 0, 0, 0, 0, '', '', '2018-12-11 04:49:57'),
(384, 22, 72, '500.00', 13, '0.00', '1000.00', '0.00', '6500.00', '7500.00', '0.00', '0.00', '0.00', '0.00', '0.00', '0.00', '0.00', '0.00', '7500.00', 0, 0, 0, 0, 0, '', '', '2018-12-11 04:50:11'),
(385, 22, 67, '500.00', 12, '0.00', '1000.00', '0.00', '6500.00', '7500.00', '500.00', '0.00', '0.00', '0.00', '0.00', '0.00', '0.00', '500.00', '7000.00', 1, 0, 0, 0, 0, '', '', '2018-12-11 04:50:24');
INSERT INTO `payroll` (`payroll_id`, `cutoff_id`, `employee_id`, `prateperdays`, `pnumberofdays`, `povertimeamount`, `pallowance`, `padjustments`, `pgrosspay`, `ptotalgrosspay`, `absentamount`, `pundertimeamount`, `pcashadvance`, `psss`, `pphilhealth`, `ppagibig`, `ptax`, `ptotaldeductions`, `pnetpay`, `absentday`, `othour`, `otmin`, `uthour`, `utmin`, `remarks`, `remarkss`, `date_created`) VALUES
(386, 22, 66, '500.00', 13, '0.00', '1000.00', '0.00', '6500.00', '7500.00', '0.00', '45.83', '0.00', '0.00', '0.00', '0.00', '0.00', '45.83', '7454.17', 0, 0, 0, 0, 44, '', '', '2018-12-11 04:51:23'),
(387, 22, 63, '500.00', 13, '0.00', '1000.00', '0.00', '6500.00', '7500.00', '0.00', '62.50', '0.00', '0.00', '0.00', '0.00', '0.00', '62.50', '7437.50', 0, 0, 0, 1, 0, '', '', '2018-12-11 04:52:37'),
(388, 22, 68, '500.00', 12, '0.00', '1000.00', '0.00', '6500.00', '7500.00', '500.00', '31.25', '0.00', '0.00', '0.00', '0.00', '0.00', '531.25', '6968.75', 1, 0, 0, 0, 30, '', '', '2018-12-11 04:52:55'),
(389, 24, 73, '653.85', 13, '0.00', '1500.00', '0.00', '8500.00', '10000.00', '0.00', '0.00', '0.00', '0.00', '0.00', '0.00', '0.00', '0.00', '10000.00', 0, 0, 0, 0, 0, '', '', '2018-12-13 08:53:01'),
(391, 25, 73, '653.85', 13, '0.00', '1500.00', '0.00', '8500.00', '10000.00', '0.00', '0.00', '0.00', '0.00', '0.00', '0.00', '0.00', '0.00', '10000.00', 0, 0, 0, 0, 0, '', '', '2018-12-27 05:05:23'),
(392, 26, 49, '500.00', 15, '0.00', '1500.00', '0.00', '7500.00', '9000.00', '0.00', '0.00', '0.00', '0.00', '0.00', '0.00', '0.00', '0.00', '9000.00', 0, 0, 0, 0, 0, '', '', '2018-12-27 05:07:52'),
(393, 26, 51, '400.00', 15, '0.00', '1500.00', '0.00', '6000.00', '7500.00', '0.00', '0.00', '1000.00', '0.00', '0.00', '0.00', '0.00', '1000.00', '6500.00', 0, 0, 0, 0, 0, '', 'CFI ', '2018-12-27 05:08:35'),
(394, 26, 46, '566.67', 15, '0.00', '1500.00', '0.00', '8500.00', '10000.00', '0.00', '0.00', '0.00', '0.00', '0.00', '0.00', '0.00', '0.00', '10000.00', 0, 0, 0, 0, 0, '', '', '2018-12-27 05:08:47'),
(395, 26, 42, '1333.33', 15, '0.00', '2500.00', '0.00', '20000.00', '22500.00', '0.00', '0.00', '1000.00', '0.00', '0.00', '0.00', '1527.20', '2527.20', '19972.80', 0, 0, 0, 0, 0, '', 'CFI', '2018-12-27 05:09:18'),
(396, 26, 54, '733.33', 15, '0.00', '1500.00', '0.00', '11000.00', '12500.00', '0.00', '0.00', '1000.00', '0.00', '0.00', '0.00', '0.00', '1000.00', '11500.00', 0, 0, 0, 0, 0, '', 'CFI', '2018-12-27 05:09:35'),
(397, 26, 48, '566.67', 15, '0.00', '1500.00', '0.00', '8500.00', '10000.00', '0.00', '0.00', '1000.00', '0.00', '0.00', '0.00', '0.00', '1000.00', '9000.00', 0, 0, 0, 0, 0, '', 'CFI', '2018-12-27 05:10:02'),
(398, 26, 43, '733.33', 15, '0.00', '1500.00', '0.00', '11000.00', '12500.00', '0.00', '0.00', '1000.00', '0.00', '0.00', '0.00', '0.00', '1000.00', '11500.00', 0, 0, 0, 0, 0, '', 'CFI', '2018-12-27 05:10:18'),
(399, 26, 45, '733.33', 15, '0.00', '1500.00', '0.00', '11000.00', '12500.00', '0.00', '0.00', '1000.00', '0.00', '0.00', '0.00', '0.00', '1000.00', '11500.00', 0, 0, 0, 0, 0, '', 'CFI', '2018-12-27 05:10:48'),
(400, 26, 44, '733.33', 15, '0.00', '1500.00', '0.00', '11000.00', '12500.00', '0.00', '0.00', '1000.00', '0.00', '0.00', '0.00', '0.00', '1000.00', '11500.00', 0, 0, 0, 0, 0, '', 'CFI', '2018-12-27 05:11:04'),
(401, 26, 47, '733.33', 15, '0.00', '1500.00', '0.00', '11000.00', '12500.00', '0.00', '0.00', '1000.00', '0.00', '0.00', '0.00', '0.00', '1000.00', '11500.00', 0, 0, 0, 0, 0, '', 'CFI', '2018-12-27 05:11:17'),
(403, 25, 57, '1333.33', 15, '0.00', '2500.00', '0.00', '20000.00', '22500.00', '0.00', '0.00', '0.00', '0.00', '0.00', '0.00', '0.00', '0.00', '22500.00', 0, 0, 0, 0, 0, '', '', '2018-12-27 06:09:26'),
(404, 25, 58, '1566.67', 15, '0.00', '2500.00', '0.00', '23500.00', '26000.00', '0.00', '0.00', '0.00', '0.00', '0.00', '0.00', '0.00', '0.00', '26000.00', 0, 0, 0, 0, 0, '', '', '2018-12-27 06:09:52'),
(405, 25, 56, '1666.67', 15, '0.00', '0.00', '0.00', '25000.00', '25000.00', '0.00', '0.00', '0.00', '0.00', '0.00', '0.00', '6666.75', '6666.75', '18333.25', 0, 0, 0, 0, 0, '', '', '2018-12-27 06:10:05'),
(406, 25, 55, '1533.33', 15, '0.00', '2500.00', '0.00', '23000.00', '25500.00', '0.00', '0.00', '0.00', '0.00', '0.00', '0.00', '5666.75', '5666.75', '19833.25', 0, 0, 0, 0, 0, '', '', '2018-12-27 06:10:20'),
(407, 26, 52, '500.00', 12, '0.00', '1000.00', '150.00', '6000.00', '7150.00', '0.00', '0.00', '0.00', '0.00', '0.00', '0.00', '0.00', '0.00', '7150.00', 0, 0, 0, 0, 0, '30% for Dec. 24', '', '2018-12-27 07:42:19'),
(408, 26, 61, '653.85', 13, '0.00', '1500.00', '0.00', '8500.00', '10000.00', '0.00', '0.00', '0.00', '0.00', '0.00', '0.00', '0.00', '0.00', '10000.00', 0, 0, 0, 0, 0, '', '', '2018-12-27 07:42:41'),
(410, 26, 69, '500.00', 13, '0.00', '1000.00', '0.00', '6500.00', '7500.00', '0.00', '0.00', '0.00', '0.00', '0.00', '0.00', '0.00', '0.00', '7500.00', 0, 0, 0, 0, 0, '', '', '2018-12-27 07:46:08'),
(415, 26, 67, '500.00', 13, '0.00', '1000.00', '150.00', '6500.00', '7650.00', '0.00', '168.75', '0.00', '0.00', '0.00', '0.00', '0.00', '168.75', '7481.25', 0, 0, 0, 0, 162, '30% for Dec. 24', '', '2018-12-27 07:55:57'),
(417, 26, 68, '500.00', 13, '0.00', '1000.00', '0.00', '6500.00', '7500.00', '0.00', '0.00', '0.00', '0.00', '0.00', '0.00', '0.00', '0.00', '7500.00', 0, 0, 0, 0, 0, '', '', '2018-12-27 07:57:01'),
(418, 26, 64, '500.00', 11, '0.00', '1000.00', '0.00', '5500.00', '6500.00', '0.00', '0.00', '0.00', '0.00', '0.00', '0.00', '0.00', '0.00', '6500.00', 0, 0, 0, 0, 0, '', '', '2018-12-27 07:57:54'),
(422, 26, 65, '500.00', 13, '0.00', '1000.00', '150.00', '6500.00', '7650.00', '0.00', '0.00', '0.00', '0.00', '0.00', '0.00', '0.00', '0.00', '7650.00', 0, 0, 0, 0, 0, '30% for Dec. 24', '', '2018-12-27 08:02:39'),
(423, 26, 62, '500.00', 12, '0.00', '1000.00', '0.00', '6000.00', '7000.00', '0.00', '0.00', '0.00', '0.00', '0.00', '0.00', '0.00', '0.00', '7000.00', 0, 0, 0, 0, 0, '', '', '2018-12-27 08:03:52'),
(425, 26, 63, '500.00', 13, '0.00', '1000.00', '150.00', '6500.00', '7650.00', '0.00', '62.50', '0.00', '0.00', '0.00', '0.00', '0.00', '62.50', '7587.50', 0, 0, 0, 1, 0, '30% for Dec. 24', '', '2018-12-27 08:14:34'),
(427, 26, 60, '500.00', 13, '0.00', '1000.00', '150.00', '6500.00', '7650.00', '0.00', '180.21', '0.00', '0.00', '0.00', '0.00', '0.00', '180.21', '7469.79', 0, 0, 0, 0, 173, '30% for Dec. 24', '', '2018-12-28 04:14:55'),
(428, 26, 66, '500.00', 13, '0.00', '1000.00', '0.00', '6500.00', '7500.00', '0.00', '0.00', '0.00', '0.00', '0.00', '0.00', '0.00', '0.00', '7500.00', 0, 0, 0, 0, 0, '', '', '2018-12-28 04:18:47'),
(429, 26, 71, '500.00', 12, '0.00', '1000.00', '0.00', '6000.00', '7000.00', '0.00', '0.00', '0.00', '0.00', '0.00', '0.00', '0.00', '0.00', '7000.00', 0, 0, 0, 0, 0, '', '', '2018-12-28 04:19:16'),
(430, 26, 72, '500.00', 12, '0.00', '1000.00', '0.00', '6000.00', '7000.00', '0.00', '0.00', '0.00', '0.00', '0.00', '0.00', '0.00', '0.00', '7000.00', 0, 0, 0, 0, 0, '', '', '2018-12-28 04:19:57'),
(431, 26, 70, '500.00', 13, '0.00', '1000.00', '0.00', '6500.00', '7500.00', '0.00', '319.79', '0.00', '0.00', '0.00', '0.00', '0.00', '319.79', '7180.21', 0, 0, 0, 5, 7, '', '', '2018-12-28 04:25:47'),
(432, 27, 42, '1333.33', 15, '0.00', '2500.00', '0.00', '20000.00', '22500.00', '0.00', '0.00', '0.00', '0.00', '0.00', '0.00', '0.00', '0.00', '22500.00', 0, 0, 0, 0, 0, '', '', '2019-01-10 11:03:03'),
(433, 27, 49, '500.00', 15, '0.00', '1500.00', '0.00', '7500.00', '9000.00', '0.00', '0.00', '0.00', '0.00', '0.00', '0.00', '0.00', '0.00', '9000.00', 0, 0, 0, 0, 0, '', '', '2019-01-10 11:03:18'),
(434, 27, 54, '733.33', 15, '0.00', '1500.00', '0.00', '11000.00', '12500.00', '0.00', '0.00', '0.00', '0.00', '0.00', '0.00', '0.00', '0.00', '12500.00', 0, 0, 0, 0, 0, '', '', '2019-01-10 11:03:31'),
(435, 27, 47, '733.33', 15, '0.00', '1500.00', '0.00', '11000.00', '12500.00', '0.00', '0.00', '0.00', '0.00', '0.00', '0.00', '0.00', '0.00', '12500.00', 0, 0, 0, 0, 0, '', '', '2019-01-10 11:03:46'),
(436, 27, 48, '566.67', 15, '0.00', '1500.00', '0.00', '8500.00', '10000.00', '0.00', '0.00', '0.00', '0.00', '0.00', '0.00', '0.00', '0.00', '10000.00', 0, 0, 0, 0, 0, '', '', '2019-01-10 11:03:57'),
(437, 27, 43, '733.33', 15, '0.00', '1500.00', '0.00', '11000.00', '12500.00', '0.00', '0.00', '0.00', '0.00', '0.00', '0.00', '0.00', '0.00', '12500.00', 0, 0, 0, 0, 0, '', '', '2019-01-10 11:04:09'),
(438, 27, 46, '566.67', 15, '0.00', '1500.00', '0.00', '8500.00', '10000.00', '0.00', '0.00', '0.00', '0.00', '0.00', '0.00', '0.00', '0.00', '10000.00', 0, 0, 0, 0, 0, '', '', '2019-01-10 11:04:56'),
(439, 27, 45, '733.33', 15, '0.00', '1500.00', '0.00', '11000.00', '12500.00', '0.00', '0.00', '0.00', '0.00', '0.00', '0.00', '0.00', '0.00', '12500.00', 0, 0, 0, 0, 0, '', '', '2019-01-10 11:05:04'),
(440, 27, 44, '733.33', 15, '0.00', '1500.00', '0.00', '11000.00', '12500.00', '0.00', '0.00', '0.00', '0.00', '0.00', '0.00', '0.00', '0.00', '12500.00', 0, 0, 0, 0, 0, '', '', '2019-01-10 11:05:18'),
(441, 27, 51, '400.00', 15, '0.00', '1500.00', '0.00', '6000.00', '7500.00', '0.00', '0.00', '0.00', '0.00', '0.00', '0.00', '0.00', '0.00', '7500.00', 0, 0, 0, 0, 0, '', '', '2019-01-10 11:05:27'),
(442, 27, 57, '1333.33', 15, '0.00', '2500.00', '0.00', '20000.00', '22500.00', '0.00', '0.00', '0.00', '0.00', '0.00', '0.00', '0.00', '0.00', '22500.00', 0, 0, 0, 0, 0, '', '', '2019-01-10 11:10:00'),
(443, 27, 58, '1566.67', 15, '0.00', '2500.00', '0.00', '23500.00', '26000.00', '0.00', '0.00', '0.00', '0.00', '0.00', '0.00', '0.00', '0.00', '26000.00', 0, 0, 0, 0, 0, '', '', '2019-01-10 11:10:09'),
(444, 27, 52, '500.00', 12, '0.00', '1000.00', '150.00', '6000.00', '7150.00', '0.00', '0.00', '0.00', '0.00', '0.00', '0.00', '0.00', '0.00', '7150.00', 0, 0, 0, 0, 0, 'Dec. 31-30%', '', '2019-01-11 08:31:05'),
(445, 27, 61, '653.85', 12, '0.00', '1500.00', '0.00', '7846.15', '9346.15', '0.00', '0.00', '0.00', '0.00', '0.00', '0.00', '0.00', '0.00', '9346.15', 0, 0, 0, 0, 0, '', '', '2019-01-11 08:33:50'),
(446, 27, 60, '500.00', 12, '0.00', '1000.00', '150.00', '6000.00', '7150.00', '0.00', '0.00', '0.00', '0.00', '0.00', '0.00', '0.00', '0.00', '7150.00', 0, 0, 0, 0, 0, 'Dec. 31-30%', '', '2019-01-11 08:34:19'),
(447, 27, 69, '500.00', 13, '0.00', '1000.00', '150.00', '6500.00', '7650.00', '0.00', '0.00', '0.00', '0.00', '0.00', '0.00', '0.00', '0.00', '7650.00', 0, 0, 0, 0, 0, 'Dec. 31-30%', '', '2019-01-11 08:34:48'),
(448, 27, 64, '500.00', 13, '0.00', '1000.00', '150.00', '6500.00', '7650.00', '0.00', '0.00', '0.00', '0.00', '0.00', '0.00', '0.00', '0.00', '7650.00', 0, 0, 0, 0, 0, 'Dec. 31-30%', '', '2019-01-11 08:35:59'),
(449, 27, 65, '500.00', 13, '0.00', '1000.00', '0.00', '6500.00', '7500.00', '0.00', '0.00', '0.00', '0.00', '0.00', '0.00', '0.00', '0.00', '7500.00', 0, 0, 0, 0, 0, '', '', '2019-01-11 08:37:36'),
(450, 27, 71, '500.00', 12, '0.00', '1000.00', '0.00', '6000.00', '7000.00', '0.00', '0.00', '0.00', '0.00', '0.00', '0.00', '0.00', '0.00', '7000.00', 0, 0, 0, 0, 0, '', '', '2019-01-11 08:37:53'),
(451, 27, 72, '500.00', 8, '0.00', '1000.00', '0.00', '4000.00', '5000.00', '0.00', '0.00', '0.00', '0.00', '0.00', '0.00', '0.00', '0.00', '5000.00', 0, 0, 0, 0, 0, '', '', '2019-01-11 08:38:29'),
(452, 27, 67, '500.00', 12, '0.00', '1000.00', '0.00', '6000.00', '7000.00', '0.00', '0.00', '0.00', '0.00', '0.00', '0.00', '0.00', '0.00', '7000.00', 0, 0, 0, 0, 0, '', '', '2019-01-11 08:38:48'),
(453, 27, 66, '500.00', 13, '0.00', '1000.00', '150.00', '6500.00', '7650.00', '0.00', '0.00', '0.00', '0.00', '0.00', '0.00', '0.00', '0.00', '7650.00', 0, 0, 0, 0, 0, 'Dec. 31-30%', '', '2019-01-11 08:39:15'),
(454, 27, 63, '500.00', 13, '0.00', '1000.00', '0.00', '6500.00', '7500.00', '0.00', '0.00', '0.00', '0.00', '0.00', '0.00', '0.00', '0.00', '7500.00', 0, 0, 0, 0, 0, '', '', '2019-01-11 08:39:30'),
(455, 27, 68, '500.00', 11, '0.00', '1000.00', '150.00', '5500.00', '6650.00', '0.00', '0.00', '0.00', '0.00', '0.00', '0.00', '0.00', '0.00', '6650.00', 0, 0, 0, 0, 0, 'Dec. 31-30%', '', '2019-01-11 08:40:03'),
(456, 27, 62, '500.00', 13, '0.00', '1000.00', '0.00', '6500.00', '7500.00', '0.00', '0.00', '0.00', '0.00', '0.00', '0.00', '0.00', '0.00', '7500.00', 0, 0, 0, 0, 0, '', '', '2019-01-11 08:40:19'),
(457, 27, 70, '500.00', 12, '0.00', '1000.00', '0.00', '6000.00', '7000.00', '0.00', '0.00', '0.00', '0.00', '0.00', '0.00', '0.00', '0.00', '7000.00', 0, 0, 0, 0, 0, '', '', '2019-01-11 08:40:31'),
(458, 28, 51, '400.00', 15, '0.00', '1500.00', '0.00', '6000.00', '7500.00', '0.00', '0.00', '0.00', '0.00', '0.00', '0.00', '0.00', '0.00', '7500.00', 0, 0, 0, 0, 0, '', '', '2019-01-25 01:39:41'),
(460, 28, 49, '500.00', 15, '0.00', '1500.00', '0.00', '7500.00', '9000.00', '0.00', '0.00', '0.00', '0.00', '0.00', '0.00', '700.80', '700.80', '8299.20', 0, 0, 0, 0, 0, '', 'Tax deduction is for SSS-363.30, PHIC-137.50, HDMF-200.00', '2019-01-25 02:43:35'),
(461, 28, 54, '733.33', 15, '0.00', '1500.00', '0.00', '11000.00', '12500.00', '0.00', '0.00', '0.00', '0.00', '0.00', '0.00', '1101.30', '1101.30', '11398.70', 0, 0, 0, 0, 0, '', 'Tax deduction is for SSS-581.30, PHIC-220.00 HDMF-300.00', '2019-01-25 02:44:47'),
(462, 28, 47, '733.33', 15, '0.00', '1500.00', '0.00', '11000.00', '12500.00', '0.00', '0.00', '0.00', '0.00', '0.00', '0.00', '1101.30', '1101.30', '11398.70', 0, 0, 0, 0, 0, '', 'Tax deduction is for SSS-581.30, PHIC-220.00, HDMF-300.00', '2019-01-25 02:46:06'),
(463, 28, 44, '733.33', 15, '0.00', '1500.00', '0.00', '11000.00', '12500.00', '0.00', '0.00', '0.00', '0.00', '0.00', '0.00', '750.95', '750.95', '11749.05', 0, 0, 0, 0, 0, '', 'Tax deduction is for SSS-399.70, PHIC-151.25, HDMF-200.00', '2019-01-25 02:47:24'),
(464, 28, 46, '566.67', 15, '0.00', '1500.00', '0.00', '8500.00', '10000.00', '0.00', '0.00', '0.00', '0.00', '0.00', '0.00', '1051.25', '1051.25', '8948.75', 0, 0, 0, 0, 0, '', 'Tax deduction is for SSS-545.00, PHIC-206.25 HDMF-300.00', '2019-01-25 02:48:41'),
(466, 28, 43, '733.33', 15, '0.00', '1500.00', '0.00', '11000.00', '12500.00', '0.00', '0.00', '0.00', '0.00', '0.00', '0.00', '1051.25', '1051.25', '11448.75', 0, 0, 0, 0, 0, '', 'Tax deduction is for SSS-545.00, PHIC-206.25 HDMF-300.00', '2019-01-25 02:50:59'),
(467, 28, 48, '566.67', 15, '0.00', '1500.00', '0.00', '8500.00', '10000.00', '0.00', '0.00', '0.00', '0.00', '0.00', '0.00', '700.80', '700.80', '9299.20', 0, 0, 0, 0, 0, '', 'Tax deduction is for SSS-363.30, PHIC-137.50 HDMF-200.00', '2019-01-25 02:52:02'),
(468, 28, 45, '733.33', 15, '0.00', '1500.00', '0.00', '11000.00', '12500.00', '0.00', '0.00', '0.00', '0.00', '0.00', '0.00', '1283.80', '1283.80', '11216.20', 0, 0, 0, 0, 0, '', 'Tax deduction is for SSS-581.30, PHIC-302.50, HDMF-400.00', '2019-01-25 02:55:01'),
(470, 28, 42, '1333.33', 15, '0.00', '2500.00', '0.00', '20000.00', '22500.00', '0.00', '0.00', '0.00', '0.00', '0.00', '0.00', '3321.00', '3321.00', '19179.00', 0, 0, 0, 0, 0, '', 'Tax deduction is for SSS-581.30, PHIC-412.50, HDMF-800.00, WTAX-1,527.20', '2019-01-25 06:25:59'),
(471, 29, 66, '500.00', 9, '62.50', '1000.00', '0.00', '4500.00', '5562.50', '0.00', '0.00', '0.00', '0.00', '0.00', '0.00', '0.00', '0.00', '5562.50', 0, 1, 0, 0, 0, '', '', '2019-02-01 06:24:47'),
(472, 29, 63, '500.00', 10, '250.00', '1000.00', '0.00', '5000.00', '6250.00', '0.00', '0.00', '0.00', '0.00', '0.00', '0.00', '0.00', '0.00', '6250.00', 0, 4, 0, 0, 0, '', '', '2019-02-01 06:25:47'),
(473, 29, 72, '500.00', 7, '0.00', '1000.00', '0.00', '3500.00', '4500.00', '0.00', '0.00', '0.00', '0.00', '0.00', '0.00', '0.00', '0.00', '4500.00', 0, 0, 0, 0, 0, '', '', '2019-02-01 06:26:04'),
(474, 29, 68, '500.00', 11, '187.50', '1000.00', '0.00', '5500.00', '6687.50', '0.00', '0.00', '0.00', '0.00', '0.00', '0.00', '0.00', '0.00', '6687.50', 0, 3, 0, 0, 0, '', '', '2019-02-01 06:26:25'),
(475, 29, 64, '500.00', 12, '0.00', '1000.00', '0.00', '6000.00', '7000.00', '0.00', '0.00', '0.00', '0.00', '0.00', '0.00', '0.00', '0.00', '7000.00', 0, 0, 0, 0, 0, '', '', '2019-02-01 06:26:41'),
(476, 29, 65, '500.00', 12, '0.00', '1000.00', '0.00', '6000.00', '7000.00', '0.00', '0.00', '0.00', '0.00', '0.00', '0.00', '0.00', '0.00', '7000.00', 0, 3, 0, 0, 0, '', '', '2019-02-01 06:27:01'),
(477, 29, 52, '500.00', 9, '0.00', '1000.00', '0.00', '4500.00', '5500.00', '0.00', '0.00', '0.00', '0.00', '0.00', '0.00', '0.00', '0.00', '5500.00', 0, 0, 0, 0, 0, '', '', '2019-02-01 06:27:14'),
(478, 29, 61, '653.85', 19, '0.00', '1500.00', '0.00', '12423.08', '13923.08', '0.00', '0.00', '0.00', '0.00', '0.00', '0.00', '0.00', '0.00', '13923.08', 0, 0, 0, 0, 0, '', '', '2019-02-01 06:27:26'),
(479, 29, 60, '500.00', 11, '0.00', '1000.00', '0.00', '5500.00', '6500.00', '0.00', '0.00', '0.00', '0.00', '0.00', '0.00', '0.00', '0.00', '6500.00', 0, 0, 0, 0, 0, '', '', '2019-02-01 06:27:42'),
(480, 29, 69, '500.00', 9, '0.00', '1000.00', '0.00', '4500.00', '5500.00', '0.00', '0.00', '0.00', '0.00', '0.00', '0.00', '0.00', '0.00', '5500.00', 0, 0, 0, 0, 0, '', '', '2019-02-01 06:27:58'),
(481, 29, 70, '500.00', 6, '0.00', '1000.00', '0.00', '3000.00', '4000.00', '0.00', '0.00', '0.00', '0.00', '0.00', '0.00', '0.00', '0.00', '4000.00', 0, 0, 0, 0, 0, '', '', '2019-02-01 06:28:20'),
(482, 29, 62, '500.00', 10, '0.00', '1000.00', '0.00', '5000.00', '6000.00', '0.00', '0.00', '0.00', '0.00', '0.00', '0.00', '0.00', '0.00', '6000.00', 0, 0, 0, 0, 0, '', '', '2019-02-01 06:28:34');

-- --------------------------------------------------------

--
-- Table structure for table `user`
--

CREATE TABLE `user` (
  `user_id` int(11) NOT NULL,
  `Employee_id` int(11) NOT NULL,
  `username` varchar(20) NOT NULL,
  `password` varchar(20) NOT NULL,
  `user_type` enum('Admin','Staff','','') NOT NULL,
  `isActive` enum('1','0','','') NOT NULL DEFAULT '1',
  `date_created` timestamp NOT NULL DEFAULT CURRENT_TIMESTAMP ON UPDATE CURRENT_TIMESTAMP
) ENGINE=InnoDB DEFAULT CHARSET=latin1;

--
-- Dumping data for table `user`
--

INSERT INTO `user` (`user_id`, `Employee_id`, `username`, `password`, `user_type`, `isActive`, `date_created`) VALUES
(1, 54, 'japhil1', 'japhilglobal2018', 'Admin', '1', '2018-08-22 05:01:25'),
(2, 42, 'japhil2', 'japhilglobal2018', 'Staff', '1', '2018-08-22 05:02:02'),
(3, 42, 'japhil2', 'japhilglobal2018', 'Staff', '1', '2018-08-22 05:02:04');

--
-- Indexes for dumped tables
--

--
-- Indexes for table `branch`
--
ALTER TABLE `branch`
  ADD PRIMARY KEY (`branch_id`);

--
-- Indexes for table `cutoff`
--
ALTER TABLE `cutoff`
  ADD PRIMARY KEY (`cutoff_id`);

--
-- Indexes for table `deduction`
--
ALTER TABLE `deduction`
  ADD PRIMARY KEY (`deduction_id`);

--
-- Indexes for table `employee`
--
ALTER TABLE `employee`
  ADD PRIMARY KEY (`Employee_id`);

--
-- Indexes for table `payroll`
--
ALTER TABLE `payroll`
  ADD PRIMARY KEY (`payroll_id`);

--
-- Indexes for table `user`
--
ALTER TABLE `user`
  ADD PRIMARY KEY (`user_id`);

--
-- AUTO_INCREMENT for dumped tables
--

--
-- AUTO_INCREMENT for table `branch`
--
ALTER TABLE `branch`
  MODIFY `branch_id` int(11) NOT NULL AUTO_INCREMENT, AUTO_INCREMENT=26;
--
-- AUTO_INCREMENT for table `cutoff`
--
ALTER TABLE `cutoff`
  MODIFY `cutoff_id` int(11) NOT NULL AUTO_INCREMENT, AUTO_INCREMENT=30;
--
-- AUTO_INCREMENT for table `deduction`
--
ALTER TABLE `deduction`
  MODIFY `deduction_id` int(11) NOT NULL AUTO_INCREMENT, AUTO_INCREMENT=58;
--
-- AUTO_INCREMENT for table `employee`
--
ALTER TABLE `employee`
  MODIFY `Employee_id` int(11) NOT NULL AUTO_INCREMENT, AUTO_INCREMENT=74;
--
-- AUTO_INCREMENT for table `payroll`
--
ALTER TABLE `payroll`
  MODIFY `payroll_id` int(11) NOT NULL AUTO_INCREMENT, AUTO_INCREMENT=483;
--
-- AUTO_INCREMENT for table `user`
--
ALTER TABLE `user`
  MODIFY `user_id` int(11) NOT NULL AUTO_INCREMENT, AUTO_INCREMENT=4;
/*!40101 SET CHARACTER_SET_CLIENT=@OLD_CHARACTER_SET_CLIENT */;
/*!40101 SET CHARACTER_SET_RESULTS=@OLD_CHARACTER_SET_RESULTS */;
/*!40101 SET COLLATION_CONNECTION=@OLD_COLLATION_CONNECTION */;
